ScripName,Segment,TradeDate,BuyQty,BuyPrice,RemainingQty,RemainingCost,ClientCode,OrderNo,NumTrades
ADANI ENTERPRISES LTD.,CASH,05/12/2022,10.0,3932.85,10.0,39328.5,105629,Aggregated-2022-12-05,1
ADANI PORTS AND SPECIAL ECONOM,CASH,27/09/2022,5.0,850.0,5.0,4250.0,105629,Aggregated-2022-09-27,1
ADANI PORTS AND SPECIAL ECONOM,CASH,29/09/2022,5.0,840.0,5.0,4200.0,105629,Aggregated-2022-09-29,1
ADANI PORTS AND SPECIAL ECONOM,CASH,12/10/2022,5.0,803.0,5.0,4015.0,105629,Aggregated-2022-10-12,1
ADANI PORTS AND SPECIAL ECONOM,CASH,24/10/2022,2.0,807.0,2.0,1614.0,105629,Aggregated-2022-10-24,1
ADANI PORTS AND SPECIAL ECONOM,CASH,27/01/2023,5.0,604.0,5.0,3020.0,105629,Aggregated-2023-01-27,1
ADANI PORTS AND SPECIAL ECONOM,CASH,08/06/2023,5.0,737.0,5.0,3685.0,105629,Aggregated-2023-06-08,1
ADANI PORTS AND SPECIAL ECONOM,CASH,13/06/2023,3.0,738.0,3.0,2214.0,105629,Aggregated-2023-06-13,1
AXIS BANK LTD.,CASH,21/12/2020,1.0,590.0,1.0,590.0,105629,Aggregated-2020-12-21,1
AXIS BANK LTD.,CASH,29/12/2020,1.0,629.0,1.0,629.0,105629,Aggregated-2020-12-29,1
AXIS BANK LTD.,CASH,11/01/2021,1.0,662.0,1.0,662.0,105629,Aggregated-2021-01-11,1
AXIS BANK LTD.,CASH,16/03/2021,1.0,737.0,1.0,737.0,105629,Aggregated-2021-03-16,1
AXIS BANK LTD.,CASH,17/12/2021,1.0,691.0,1.0,691.0,105629,Aggregated-2021-12-17,1
AXIS BANK LTD.,CASH,20/12/2021,1.0,674.0,1.0,674.0,105629,Aggregated-2021-12-20,1
AXIS BANK LTD.,CASH,06/04/2022,1.0,770.0,1.0,770.0,105629,Aggregated-2022-04-06,1
AXIS BANK LTD.,CASH,14/09/2022,3.0,802.6666666666666,3.0,2408.0,105629,Aggregated-2022-09-14,2
BHARAT ELECTRONICS LTD.,CASH,21/09/2020,5.0,100.0,5.0,500.0,105629,Aggregated-2020-09-21,1
BHARAT ELECTRONICS LTD.,CASH,24/09/2020,15.0,91.0,15.0,1365.0,105629,Aggregated-2020-09-24,3
BHARAT ELECTRONICS LTD.,CASH,25/09/2020,5.0,93.9,5.0,469.5,105629,Aggregated-2020-09-25,1
BHARAT ELECTRONICS LTD.,CASH,10/08/2021,5.0,170.2,5.0,851.0,105629,Aggregated-2021-08-10,1
BHARAT ELECTRONICS LTD.,CASH,01/11/2021,5.0,200.0,5.0,1000.0,105629,Aggregated-2021-11-01,1
BHARAT ELECTRONICS LTD.,CASH,02/11/2021,10.0,203.0,10.0,2030.0,105629,Aggregated-2021-11-02,1
BHARAT ELECTRONICS LTD.,CASH,30/11/2021,5.0,203.0,5.0,1015.0,105629,Aggregated-2021-11-30,1
BHARAT ELECTRONICS LTD.,CASH,20/12/2021,5.0,195.0,5.0,975.0,105629,Aggregated-2021-12-20,1
BHARAT ELECTRONICS LTD.,CASH,25/01/2022,10.0,201.9,10.0,2019.0,105629,Aggregated-2022-01-25,1
BHARAT ELECTRONICS LTD.,CASH,30/03/2022,5.0,210.0,5.0,1050.0,105629,Aggregated-2022-03-30,1
BHARAT ELECTRONICS LTD.,CASH,31/03/2022,5.0,207.5,5.0,1037.5,105629,Aggregated-2022-03-31,1
BHARAT ELECTRONICS LTD.,CASH,12/05/2022,5.0,219.0,5.0,1095.0,105629,Aggregated-2022-05-12,1
BHARAT ELECTRONICS LTD.,CASH,16/05/2022,5.0,226.0,5.0,1130.0,105629,Aggregated-2022-05-16,1
BHARAT ELECTRONICS LTD.,CASH,17/05/2022,5.0,228.0,5.0,1140.0,105629,Aggregated-2022-05-17,1
BHARAT ELECTRONICS LTD.,CASH,18/05/2022,5.0,233.0,5.0,1165.0,105629,Aggregated-2022-05-18,1
BHARAT ELECTRONICS LTD.,CASH,21/06/2022,5.0,230.22999999999996,5.0,1151.1499999999999,105629,Aggregated-2022-06-21,2
BHARAT ELECTRONICS LTD.,CASH,15/07/2022,5.0,241.0,5.0,1205.0,105629,Aggregated-2022-07-15,1
BHARAT ELECTRONICS LTD.,CASH,19/08/2022,5.0,285.0,5.0,1425.0,105629,Aggregated-2022-08-19,1
BHARAT ELECTRONICS LTD.,CASH,26/09/2022,10.0,100.0,10.0,1000.0,105629,Aggregated-2022-09-26,1
BHARAT ELECTRONICS LTD.,CASH,24/10/2022,5.0,104.5,5.0,522.5,105629,Aggregated-2022-10-24,1
BHARTI AIRTEL LTD.,CASH,28/10/2020,2.0,473.5,2.0,947.0,105629,Aggregated-2020-10-28,2
BHARTI AIRTEL LTD.,CASH,14/11/2020,2.0,480.0,2.0,960.0,105629,Aggregated-2020-11-14,1
BHARTI AIRTEL LTD.,CASH,01/03/2021,1.0,530.0,1.0,530.0,105629,Aggregated-2021-03-01,1
BHARTI AIRTEL LTD.,CASH,28/09/2021,2.0,702.0,2.0,1404.0,105629,Aggregated-2021-09-28,1
BHARTI AIRTEL LTD.,CASH,30/09/2021,1.0,690.0,1.0,690.0,105629,Aggregated-2021-09-30,1
BHARTI AIRTEL LTD.,CASH,03/11/2021,1.0,705.0,1.0,705.0,105629,Aggregated-2021-11-03,1
BHARTI AIRTEL LTD.,CASH,04/11/2021,1.0,700.9,1.0,700.9,105629,Aggregated-2021-11-04,1
BHARTI AIRTEL LTD.,CASH,10/12/2021,1.0,710.5,1.0,710.5,105629,Aggregated-2021-12-10,1
BHARTI AIRTEL LTD.,CASH,15/12/2021,1.0,685.0,1.0,685.0,105629,Aggregated-2021-12-15,1
BHARTI AIRTEL LTD.,CASH,17/12/2021,1.0,665.0,1.0,665.0,105629,Aggregated-2021-12-17,1
BHARTI AIRTEL LTD.,CASH,20/12/2021,1.0,658.0,1.0,658.0,105629,Aggregated-2021-12-20,1
BHARTI AIRTEL LTD.,CASH,28/01/2022,1.0,717.2,1.0,717.2,105629,Aggregated-2022-01-28,1
BHARTI AIRTEL LTD.,CASH,12/04/2022,1.0,745.0,1.0,745.0,105629,Aggregated-2022-04-12,1
BHARTI AIRTEL LTD.,CASH,04/05/2022,2.0,725.0,2.0,1450.0,105629,Aggregated-2022-05-04,2
BHARTI AIRTEL LTD.,CASH,16/05/2022,2.0,691.0,2.0,1382.0,105629,Aggregated-2022-05-16,1
BHARTI AIRTEL LTD.,CASH,18/05/2022,1.0,691.0,1.0,691.0,105629,Aggregated-2022-05-18,1
BIRLASOFT LIMITED,CASH,08/07/2020,10.0,96.65,10.0,966.5,105629,Aggregated-2020-07-08,1
BIRLASOFT LIMITED,CASH,11/08/2020,10.0,148.0,10.0,1480.0,105629,Aggregated-2020-08-11,1
BIRLASOFT LIMITED,CASH,31/08/2020,5.0,155.0,5.0,775.0,105629,Aggregated-2020-08-31,1
BIRLASOFT LIMITED,CASH,02/09/2020,3.0,168.0,3.0,504.0,105629,Aggregated-2020-09-02,1
BIRLASOFT LIMITED,CASH,04/09/2020,2.0,168.0,2.0,336.0,105629,Aggregated-2020-09-04,1
BIRLASOFT LIMITED,CASH,01/03/2021,5.0,227.8,5.0,1139.0,105629,Aggregated-2021-03-01,1
BIRLASOFT LIMITED,CASH,28/05/2021,5.0,320.6,5.0,1603.0,105629,Aggregated-2021-05-28,3
BIRLASOFT LIMITED,CASH,01/06/2021,5.0,311.0,5.0,1555.0,105629,Aggregated-2021-06-01,1
BIRLASOFT LIMITED,CASH,02/06/2021,10.0,316.0,10.0,3160.0,105629,Aggregated-2021-06-02,1
BIRLASOFT LIMITED,CASH,03/06/2021,10.0,328.0,10.0,3280.0,105629,Aggregated-2021-06-03,1
BIRLASOFT LIMITED,CASH,04/06/2021,10.0,337.0,10.0,3370.0,105629,Aggregated-2021-06-04,2
BIRLASOFT LIMITED,CASH,11/06/2021,20.0,400.0,20.0,8000.0,105629,Aggregated-2021-06-11,1
BIRLASOFT LIMITED,CASH,14/06/2021,5.0,396.2,5.0,1981.0,105629,Aggregated-2021-06-14,2
BIRLASOFT LIMITED,CASH,07/01/2022,2.0,576.5,2.0,1153.0,105629,Aggregated-2022-01-07,1
BIRLASOFT LIMITED,CASH,20/01/2022,5.0,501.78000000000003,5.0,2508.9,105629,Aggregated-2022-01-20,2
BIRLASOFT LIMITED,CASH,24/01/2022,5.0,445.0,5.0,2225.0,105629,Aggregated-2022-01-24,1
BIRLASOFT LIMITED,CASH,25/01/2022,2.0,460.45,2.0,920.9,105629,Aggregated-2022-01-25,1
BIRLASOFT LIMITED,CASH,28/01/2022,1.0,445.0,1.0,445.0,105629,Aggregated-2022-01-28,1
BIRLASOFT LIMITED,CASH,09/02/2022,2.0,456.0,2.0,912.0,105629,Aggregated-2022-02-09,1
BIRLASOFT LIMITED,CASH,18/04/2022,3.0,437.0,3.0,1311.0,105629,Aggregated-2022-04-18,1
BIRLASOFT LIMITED,CASH,21/04/2022,1.0,422.0,1.0,422.0,105629,Aggregated-2022-04-21,1
BIRLASOFT LIMITED,CASH,25/04/2022,2.0,412.0,2.0,824.0,105629,Aggregated-2022-04-25,1
BIRLASOFT LIMITED,CASH,09/05/2022,2.0,386.0,2.0,772.0,105629,Aggregated-2022-05-09,1
BRITANNIA INDUSTRIES LTD.,CASH,21/07/2020,1.0,3908.0,1.0,3908.0,105629,Aggregated-2020-07-21,1
BRITANNIA INDUSTRIES LTD.,CASH,23/10/2020,1.0,3450.0,1.0,3450.0,105629,Aggregated-2020-10-23,1
BRITANNIA INDUSTRIES LTD.,CASH,31/12/2020,1.0,3571.0,1.0,3571.0,105629,Aggregated-2020-12-31,1
BRITANNIA INDUSTRIES LTD.,CASH,06/01/2021,1.0,3540.0,1.0,3540.0,105629,Aggregated-2021-01-06,1
BRITANNIA INDUSTRIES LTD.,CASH,29/01/2021,1.0,3550.0,1.0,3550.0,105629,Aggregated-2021-01-29,1
BRITANNIA INDUSTRIES LTD.,CASH,28/04/2021,1.0,3490.0,1.0,3490.0,105629,Aggregated-2021-04-28,1
BRITANNIA INDUSTRIES LTD.,CASH,09/09/2022,2.0,3645.075,2.0,7290.15,105629,Aggregated-2022-09-09,2
BRITANNIA INDUSTRIES LTD.,CASH,08/06/2023,1.0,4874.0,1.0,4874.0,105629,Aggregated-2023-06-08,1
BRITANNIA INDUSTRIES LTD.,CASH,14/06/2023,1.0,4962.0,1.0,4962.0,105629,Aggregated-2023-06-14,1
CANARA BANK,CASH,17/12/2021,5.0,202.0,5.0,1010.0,105629,Aggregated-2021-12-17,1
CANARA BANK,CASH,20/12/2021,5.0,190.8,5.0,954.0,105629,Aggregated-2021-12-20,1
CANARA BANK,CASH,22/12/2021,5.0,198.0,5.0,990.0,105629,Aggregated-2021-12-22,1
CANARA BANK,CASH,22/03/2022,10.0,224.5,10.0,2245.0,105629,Aggregated-2022-03-22,1
CANARA BANK,CASH,10/05/2022,5.0,202.0,5.0,1010.0,105629,Aggregated-2022-05-10,1
CANARA BANK,CASH,17/05/2022,3.0,197.0,3.0,591.0,105629,Aggregated-2022-05-17,1
CANARA BANK,CASH,18/05/2022,5.0,199.0,5.0,995.0,105629,Aggregated-2022-05-18,1
CANARA BANK,CASH,18/08/2022,2.0,239.9,2.0,479.8,105629,Aggregated-2022-08-18,1
CANARA BANK,CASH,07/09/2022,1.0,241.0,1.0,241.0,105629,Aggregated-2022-09-07,1
CANARA BANK,CASH,23/09/2022,2.0,229.0,2.0,458.0,105629,Aggregated-2022-09-23,1
CANARA BANK,CASH,06/12/2022,5.0,322.0,5.0,1610.0,105629,Aggregated-2022-12-06,1
CANARA BANK,CASH,12/05/2023,5.0,298.0,5.0,1490.0,105629,Aggregated-2023-05-12,1
CARBORUNDUM UNIVERSAL LTD.,CASH,16/09/2020,5.0,280.0,5.0,1400.0,105629,Aggregated-2020-09-16,1
CARBORUNDUM UNIVERSAL LTD.,CASH,05/10/2021,1.0,879.0,1.0,879.0,105629,Aggregated-2021-10-05,1
CARBORUNDUM UNIVERSAL LTD.,CASH,14/10/2021,1.0,890.0,1.0,890.0,105629,Aggregated-2021-10-14,1
CARBORUNDUM UNIVERSAL LTD.,CASH,25/11/2021,1.0,970.0,1.0,970.0,105629,Aggregated-2021-11-25,1
CARBORUNDUM UNIVERSAL LTD.,CASH,20/12/2021,1.0,878.5,1.0,878.5,105629,Aggregated-2021-12-20,1
CARBORUNDUM UNIVERSAL LTD.,CASH,27/01/2022,1.0,825.0,1.0,825.0,105629,Aggregated-2022-01-27,1
CARBORUNDUM UNIVERSAL LTD.,CASH,11/02/2022,1.0,857.0,1.0,857.0,105629,Aggregated-2022-02-11,1
CARBORUNDUM UNIVERSAL LTD.,CASH,11/03/2022,1.0,780.0,1.0,780.0,105629,Aggregated-2022-03-11,1
CARBORUNDUM UNIVERSAL LTD.,CASH,14/03/2022,1.0,800.0,1.0,800.0,105629,Aggregated-2022-03-14,1
CARBORUNDUM UNIVERSAL LTD.,CASH,19/08/2022,1.0,809.0,1.0,809.0,105629,Aggregated-2022-08-19,1
CARBORUNDUM UNIVERSAL LTD.,CASH,01/09/2022,2.0,840.0,2.0,1680.0,105629,Aggregated-2022-09-01,1
Central Depository Services (India) Limited,CASH,04/09/2020,1.0,460.0,1.0,460.0,105629,Aggregated-2020-09-04,1
Central Depository Services (India) Limited,CASH,08/09/2020,1.0,450.0,1.0,450.0,105629,Aggregated-2020-09-08,1
COAL INDIA LTD.,CASH,26/04/2022,10.0,189.0,10.0,1890.0,105629,Aggregated-2022-04-26,1
COAL INDIA LTD.,CASH,02/05/2022,10.0,187.0,10.0,1870.0,105629,Aggregated-2022-05-02,1
COAL INDIA LTD.,CASH,04/05/2022,10.0,188.0,10.0,1880.0,105629,Aggregated-2022-05-04,3
COAL INDIA LTD.,CASH,10/05/2022,10.0,170.0,10.0,1700.0,105629,Aggregated-2022-05-10,1
COAL INDIA LTD.,CASH,12/09/2022,10.0,231.0,10.0,2310.0,105629,Aggregated-2022-09-12,2
COAL INDIA LTD.,CASH,03/10/2022,5.0,216.0,5.0,1080.0,105629,Aggregated-2022-10-03,1
COAL INDIA LTD.,CASH,14/12/2022,5.0,232.0,5.0,1160.0,105629,Aggregated-2022-12-14,1
Cochin Shipyard Limited,CASH,29/10/2020,5.0,343.0,5.0,1715.0,105629,Aggregated-2020-10-29,1
Cochin Shipyard Limited,CASH,22/03/2022,5.0,300.0,5.0,1500.0,105629,Aggregated-2022-03-22,1
Cochin Shipyard Limited,CASH,26/09/2022,5.0,410.0,5.0,2050.0,105629,Aggregated-2022-09-26,1
Cochin Shipyard Limited,CASH,08/12/2022,5.0,624.0,5.0,3120.0,105629,Aggregated-2022-12-08,1
Cochin Shipyard Limited,CASH,27/01/2023,5.0,475.62999999999994,5.0,2378.1499999999996,105629,Aggregated-2023-01-27,2
Cochin Shipyard Limited,CASH,01/03/2023,5.0,459.0,5.0,2295.0,105629,Aggregated-2023-03-01,1
Cochin Shipyard Limited,CASH,27/03/2023,5.0,419.0,5.0,2095.0,105629,Aggregated-2023-03-27,1
Cochin Shipyard Limited,CASH,22/05/2023,5.0,487.0,5.0,2435.0,105629,Aggregated-2023-05-22,1
COLGATE-PALMOLIVE (INDIA) LTD.,CASH,03/11/2021,1.0,1510.0,1.0,1510.0,105629,Aggregated-2021-11-03,1
COLGATE-PALMOLIVE (INDIA) LTD.,CASH,17/12/2021,1.0,1425.0,1.0,1425.0,105629,Aggregated-2021-12-17,1
COLGATE-PALMOLIVE (INDIA) LTD.,CASH,21/12/2021,1.0,1435.0,1.0,1435.0,105629,Aggregated-2021-12-21,1
COLGATE-PALMOLIVE (INDIA) LTD.,CASH,06/01/2022,1.0,1457.0,1.0,1457.0,105629,Aggregated-2022-01-06,1
COLGATE-PALMOLIVE (INDIA) LTD.,CASH,11/03/2022,1.0,1512.0,1.0,1512.0,105629,Aggregated-2022-03-11,1
COLGATE-PALMOLIVE (INDIA) LTD.,CASH,13/06/2022,1.0,1518.0,1.0,1518.0,105629,Aggregated-2022-06-13,1
COLGATE-PALMOLIVE (INDIA) LTD.,CASH,17/06/2022,1.0,1477.0,1.0,1477.0,105629,Aggregated-2022-06-17,1
COLGATE-PALMOLIVE (INDIA) LTD.,CASH,23/06/2022,1.0,1497.0,1.0,1497.0,105629,Aggregated-2022-06-23,1
COLGATE-PALMOLIVE (INDIA) LTD.,CASH,30/06/2022,1.0,1497.0,1.0,1497.0,105629,Aggregated-2022-06-30,1
COLGATE-PALMOLIVE (INDIA) LTD.,CASH,26/07/2022,1.0,1540.0,1.0,1540.0,105629,Aggregated-2022-07-26,1
COLGATE-PALMOLIVE (INDIA) LTD.,CASH,01/08/2022,1.0,1571.0,1.0,1571.0,105629,Aggregated-2022-08-01,1
COLGATE-PALMOLIVE (INDIA) LTD.,CASH,25/08/2022,1.0,1570.0,1.0,1570.0,105629,Aggregated-2022-08-25,1
CYIENT LIMITED,CASH,06/07/2022,1.0,735.0,1.0,735.0,105629,Aggregated-2022-07-06,1
CYIENT LIMITED,CASH,03/10/2022,1.0,780.0,1.0,780.0,105629,Aggregated-2022-10-03,1
Dixon Technologies (India) Lim,CASH,26/08/2022,5.0,4105.0,5.0,20525.0,105629,Aggregated-2022-08-26,1
Dixon Technologies (India) Lim,CASH,29/08/2022,1.0,3970.0,1.0,3970.0,105629,Aggregated-2022-08-29,1
Dixon Technologies (India) Lim,CASH,08/12/2022,1.0,4159.0,1.0,4159.0,105629,Aggregated-2022-12-08,1
Dixon Technologies (India) Lim,CASH,05/07/2023,1.0,4211.0,1.0,4211.0,105629,Aggregated-2023-07-05,1
E.I.D.-PARRY (INDIA) LTD.,CASH,19/07/2022,2.0,560.0,2.0,1120.0,105629,Aggregated-2022-07-19,1
E.I.D.-PARRY (INDIA) LTD.,CASH,27/07/2022,1.0,552.7,1.0,552.7,105629,Aggregated-2022-07-27,1
E.I.D.-PARRY (INDIA) LTD.,CASH,02/09/2022,2.0,532.0,2.0,1064.0,105629,Aggregated-2022-09-02,1
E.I.D.-PARRY (INDIA) LTD.,CASH,03/10/2022,2.0,580.0,2.0,1160.0,105629,Aggregated-2022-10-03,1
E.I.D.-PARRY (INDIA) LTD.,CASH,06/06/2023,5.0,471.0,5.0,2355.0,105629,Aggregated-2023-06-06,1
E.I.D.-PARRY (INDIA) LTD.,CASH,12/06/2023,2.0,471.9,2.0,943.8,105629,Aggregated-2023-06-12,1
E.I.D.-PARRY (INDIA) LTD.,CASH,13/06/2023,3.0,467.0,3.0,1401.0,105629,Aggregated-2023-06-13,1
E.I.D.-PARRY (INDIA) LTD.,CASH,30/06/2023,2.0,463.0,2.0,926.0,105629,Aggregated-2023-06-30,1
eMudhra Limited,CASH,26/08/2022,2.0,361.9,2.0,723.8,105629,Aggregated-2022-08-26,1
GAIL (INDIA) LTD.,CASH,02/11/2020,20.0,83.85,20.0,1677.0,105629,Aggregated-2020-11-02,2
GAIL (INDIA) LTD.,CASH,14/01/2021,5.0,144.0,5.0,720.0,105629,Aggregated-2021-01-14,1
GAIL (INDIA) LTD.,CASH,23/03/2022,10.0,144.0,10.0,1440.0,105629,Aggregated-2022-03-23,1
GHCL LTD.,CASH,23/07/2020,50.0,161.5,10.0,1615.0,105629,Aggregated-2020-07-23,1
GHCL LTD.,CASH,13/06/2022,1.0,635.0,1.0,635.0,105629,Aggregated-2022-06-13,1
GHCL LTD.,CASH,14/06/2022,1.0,634.0,1.0,634.0,105629,Aggregated-2022-06-14,1
GHCL LTD.,CASH,03/08/2022,2.0,622.0,2.0,1244.0,105629,Aggregated-2022-08-03,2
GHCL LTD.,CASH,05/08/2022,2.0,604.0,2.0,1208.0,105629,Aggregated-2022-08-05,1
GHCL LTD.,CASH,29/08/2022,2.0,590.0,2.0,1180.0,105629,Aggregated-2022-08-29,1
GHCL LTD.,CASH,16/11/2022,2.0,593.0,2.0,1186.0,105629,Aggregated-2022-11-16,2
GHCL LTD.,CASH,10/05/2023,5.0,494.4,5.0,2472.0,105629,Aggregated-2023-05-10,1
Global Health Limited,CASH,05/12/2022,10.0,458.0,10.0,4580.0,105629,Aggregated-2022-12-05,1
Global Health Limited,CASH,14/12/2022,5.0,450.0,5.0,2250.0,105629,Aggregated-2022-12-14,1
GODREJ CONSUMER PRODUCTS LTD.,CASH,12/10/2020,2.0,705.0,2.0,1410.0,105629,Aggregated-2020-10-12,1
GODREJ CONSUMER PRODUCTS LTD.,CASH,14/10/2020,2.0,702.5,2.0,1405.0,105629,Aggregated-2020-10-14,2
GODREJ CONSUMER PRODUCTS LTD.,CASH,15/10/2020,1.0,690.0,1.0,690.0,105629,Aggregated-2020-10-15,1
GODREJ CONSUMER PRODUCTS LTD.,CASH,30/10/2020,1.0,665.0,1.0,665.0,105629,Aggregated-2020-10-30,1
GODREJ CONSUMER PRODUCTS LTD.,CASH,06/11/2020,1.0,668.0,1.0,668.0,105629,Aggregated-2020-11-06,1
GODREJ CONSUMER PRODUCTS LTD.,CASH,23/11/2020,1.0,710.0,1.0,710.0,105629,Aggregated-2020-11-23,1
GODREJ CONSUMER PRODUCTS LTD.,CASH,25/11/2020,1.0,696.5,1.0,696.5,105629,Aggregated-2020-11-25,1
GODREJ CONSUMER PRODUCTS LTD.,CASH,02/12/2020,1.0,716.65,1.0,716.65,105629,Aggregated-2020-12-02,1
GODREJ CONSUMER PRODUCTS LTD.,CASH,09/12/2020,2.0,705.0,2.0,1410.0,105629,Aggregated-2020-12-09,1
GODREJ CONSUMER PRODUCTS LTD.,CASH,31/08/2021,2.0,1075.0,2.0,2150.0,105629,Aggregated-2021-08-31,1
GODREJ CONSUMER PRODUCTS LTD.,CASH,29/10/2021,1.0,955.0,1.0,955.0,105629,Aggregated-2021-10-29,1
GRASIM INDUSTRIES LTD.,CASH,02/11/2021,1.0,1740.0,1.0,1740.0,105629,Aggregated-2021-11-02,1
GRASIM INDUSTRIES LTD.,CASH,26/11/2021,1.0,1715.0,1.0,1715.0,105629,Aggregated-2021-11-26,1
GRASIM INDUSTRIES LTD.,CASH,15/12/2021,1.0,1702.5,1.0,1702.5,105629,Aggregated-2021-12-15,1
GRASIM INDUSTRIES LTD.,CASH,21/12/2021,1.0,1660.0,1.0,1660.0,105629,Aggregated-2021-12-21,1
GRASIM INDUSTRIES LTD.,CASH,24/12/2021,1.0,1611.0,1.0,1611.0,105629,Aggregated-2021-12-24,1
GRASIM INDUSTRIES LTD.,CASH,12/08/2022,1.0,1644.0,1.0,1644.0,105629,Aggregated-2022-08-12,1
Happiest Minds Technologies Li,CASH,01/10/2020,4.0,344.3625,3.0,1033.0875,105629,Aggregated-2020-10-01,4
Happiest Minds Technologies Li,CASH,05/10/2020,1.0,344.0,1.0,344.0,105629,Aggregated-2020-10-05,1
Happiest Minds Technologies Li,CASH,06/10/2020,1.0,349.5,1.0,349.5,105629,Aggregated-2020-10-06,1
Happiest Minds Technologies Li,CASH,14/10/2020,1.0,354.0,1.0,354.0,105629,Aggregated-2020-10-14,1
Happiest Minds Technologies Li,CASH,16/10/2020,3.0,329.6666666666667,3.0,989.0,105629,Aggregated-2020-10-16,3
Happiest Minds Technologies Li,CASH,11/11/2020,1.0,318.9,1.0,318.9,105629,Aggregated-2020-11-11,1
Happiest Minds Technologies Li,CASH,09/12/2020,10.0,322.3,10.0,3223.0,105629,Aggregated-2020-12-09,2
Happiest Minds Technologies Li,CASH,29/12/2020,1.0,349.0,1.0,349.0,105629,Aggregated-2020-12-29,1
Happiest Minds Technologies Li,CASH,05/01/2021,5.0,340.0,5.0,1700.0,105629,Aggregated-2021-01-05,1
Happiest Minds Technologies Li,CASH,25/01/2021,3.0,360.0,3.0,1080.0,105629,Aggregated-2021-01-25,1
Happiest Minds Technologies Li,CASH,27/01/2021,1.0,357.5,1.0,357.5,105629,Aggregated-2021-01-27,1
Happiest Minds Technologies Li,CASH,01/02/2021,1.0,345.0,1.0,345.0,105629,Aggregated-2021-02-01,1
Happiest Minds Technologies Li,CASH,15/02/2021,2.0,400.0,2.0,800.0,105629,Aggregated-2021-02-15,1
Happiest Minds Technologies Li,CASH,18/02/2021,4.0,521.2375,4.0,2084.95,105629,Aggregated-2021-02-18,3
Happiest Minds Technologies Li,CASH,23/02/2021,2.0,542.0,2.0,1084.0,105629,Aggregated-2021-02-23,1
Happiest Minds Technologies Li,CASH,24/02/2021,2.0,508.0,2.0,1016.0,105629,Aggregated-2021-02-24,1
Happiest Minds Technologies Li,CASH,25/02/2021,1.0,526.0,1.0,526.0,105629,Aggregated-2021-02-25,1
Happiest Minds Technologies Li,CASH,01/03/2021,2.0,530.0,2.0,1060.0,105629,Aggregated-2021-03-01,1
Happiest Minds Technologies Li,CASH,15/03/2021,1.0,531.0,1.0,531.0,105629,Aggregated-2021-03-15,1
Happiest Minds Technologies Li,CASH,30/04/2021,7.0,722.9857142857143,7.0,5060.9,105629,Aggregated-2021-04-30,5
Happiest Minds Technologies Li,CASH,03/05/2021,1.0,750.0,1.0,750.0,105629,Aggregated-2021-05-03,1
Happiest Minds Technologies Li,CASH,04/05/2021,1.0,748.0,1.0,748.0,105629,Aggregated-2021-05-04,1
Happiest Minds Technologies Li,CASH,05/05/2021,1.0,747.0,1.0,747.0,105629,Aggregated-2021-05-05,1
Happiest Minds Technologies Li,CASH,06/05/2021,1.0,750.0,1.0,750.0,105629,Aggregated-2021-05-06,1
Happiest Minds Technologies Li,CASH,07/05/2021,2.0,834.5,2.0,1669.0,105629,Aggregated-2021-05-07,2
Happiest Minds Technologies Li,CASH,11/05/2021,4.0,853.675,4.0,3414.7,105629,Aggregated-2021-05-11,3
Happiest Minds Technologies Li,CASH,12/05/2021,11.0,801.2727272727273,11.0,8814.0,105629,Aggregated-2021-05-12,3
Happiest Minds Technologies Li,CASH,14/05/2021,10.0,731.5,10.0,7315.0,105629,Aggregated-2021-05-14,2
Happiest Minds Technologies Li,CASH,17/05/2021,8.0,745.625,8.0,5965.0,105629,Aggregated-2021-05-17,3
Happiest Minds Technologies Li,CASH,19/05/2021,5.0,759.6,5.0,3798.0,105629,Aggregated-2021-05-19,2
Happiest Minds Technologies Li,CASH,20/05/2021,3.0,760.0,3.0,2280.0,105629,Aggregated-2021-05-20,1
Happiest Minds Technologies Li,CASH,01/07/2021,2.0,1086.7,2.0,2173.4,105629,Aggregated-2021-07-01,1
Happiest Minds Technologies Li,CASH,02/07/2021,2.0,1190.0,2.0,2380.0,105629,Aggregated-2021-07-02,1
Happiest Minds Technologies Li,CASH,07/07/2021,2.0,1140.0,2.0,2280.0,105629,Aggregated-2021-07-07,1
Happiest Minds Technologies Li,CASH,23/07/2021,1.0,1400.0,1.0,1400.0,105629,Aggregated-2021-07-23,1
Happiest Minds Technologies Li,CASH,29/07/2021,1.0,1350.0,1.0,1350.0,105629,Aggregated-2021-07-29,1
Happiest Minds Technologies Li,CASH,04/08/2021,1.0,1355.0,1.0,1355.0,105629,Aggregated-2021-08-04,1
Happiest Minds Technologies Li,CASH,10/08/2021,1.0,1400.0,1.0,1400.0,105629,Aggregated-2021-08-10,1
Happiest Minds Technologies Li,CASH,11/08/2021,1.0,1335.0,1.0,1335.0,105629,Aggregated-2021-08-11,1
Happiest Minds Technologies Li,CASH,21/09/2021,1.0,1452.0,1.0,1452.0,105629,Aggregated-2021-09-21,1
Happiest Minds Technologies Li,CASH,07/10/2021,1.0,1380.0,1.0,1380.0,105629,Aggregated-2021-10-07,1
Happiest Minds Technologies Li,CASH,11/10/2021,1.0,1387.0,1.0,1387.0,105629,Aggregated-2021-10-11,1
Happiest Minds Technologies Li,CASH,14/10/2021,1.0,1410.0,1.0,1410.0,105629,Aggregated-2021-10-14,1
Happiest Minds Technologies Li,CASH,22/10/2021,1.0,1320.0,1.0,1320.0,105629,Aggregated-2021-10-22,1
Happiest Minds Technologies Li,CASH,25/10/2021,1.0,1290.0,1.0,1290.0,105629,Aggregated-2021-10-25,1
Happiest Minds Technologies Li,CASH,03/11/2021,1.0,1230.0,1.0,1230.0,105629,Aggregated-2021-11-03,1
Happiest Minds Technologies Li,CASH,18/11/2021,1.0,1260.0,1.0,1260.0,105629,Aggregated-2021-11-18,1
Happiest Minds Technologies Li,CASH,20/12/2021,1.0,1199.0,1.0,1199.0,105629,Aggregated-2021-12-20,1
Happiest Minds Technologies Li,CASH,05/01/2022,1.0,1320.0,1.0,1320.0,105629,Aggregated-2022-01-05,1
Happiest Minds Technologies Li,CASH,08/02/2022,1.0,1090.0,1.0,1090.0,105629,Aggregated-2022-02-08,1
Happiest Minds Technologies Li,CASH,21/04/2022,1.0,1020.0,1.0,1020.0,105629,Aggregated-2022-04-21,1
HCL TECHNOLOGIES LTD.,CASH,25/08/2020,2.0,700.0,2.0,1400.0,105629,Aggregated-2020-08-25,1
HCL TECHNOLOGIES LTD.,CASH,31/08/2020,1.0,690.0,1.0,690.0,105629,Aggregated-2020-08-31,1
HCL TECHNOLOGIES LTD.,CASH,01/09/2020,1.0,695.0,1.0,695.0,105629,Aggregated-2020-09-01,1
HCL TECHNOLOGIES LTD.,CASH,04/09/2020,1.0,694.0,1.0,694.0,105629,Aggregated-2020-09-04,1
HCL TECHNOLOGIES LTD.,CASH,21/09/2020,1.0,834.45,1.0,834.45,105629,Aggregated-2020-09-21,1
HCL TECHNOLOGIES LTD.,CASH,30/09/2020,1.0,812.9,1.0,812.9,105629,Aggregated-2020-09-30,1
HCL TECHNOLOGIES LTD.,CASH,12/10/2020,1.0,860.0,1.0,860.0,105629,Aggregated-2020-10-12,1
HCL TECHNOLOGIES LTD.,CASH,14/10/2020,1.0,888.0,1.0,888.0,105629,Aggregated-2020-10-14,1
HCL TECHNOLOGIES LTD.,CASH,15/10/2020,1.0,855.0,1.0,855.0,105629,Aggregated-2020-10-15,1
HCL TECHNOLOGIES LTD.,CASH,10/02/2021,1.0,950.0,1.0,950.0,105629,Aggregated-2021-02-10,1
HCL TECHNOLOGIES LTD.,CASH,25/03/2021,1.0,960.85,1.0,960.85,105629,Aggregated-2021-03-25,1
HCL TECHNOLOGIES LTD.,CASH,13/04/2021,1.0,984.0,1.0,984.0,105629,Aggregated-2021-04-13,1
HCL TECHNOLOGIES LTD.,CASH,20/04/2021,1.0,960.0,1.0,960.0,105629,Aggregated-2021-04-20,1
HCL TECHNOLOGIES LTD.,CASH,26/04/2021,1.0,928.0,1.0,928.0,105629,Aggregated-2021-04-26,1
HCL TECHNOLOGIES LTD.,CASH,30/04/2021,1.0,900.0,1.0,900.0,105629,Aggregated-2021-04-30,1
HCL TECHNOLOGIES LTD.,CASH,02/06/2021,1.0,944.5,1.0,944.5,105629,Aggregated-2021-06-02,1
HCL TECHNOLOGIES LTD.,CASH,28/06/2021,1.0,985.0,1.0,985.0,105629,Aggregated-2021-06-28,1
HCL TECHNOLOGIES LTD.,CASH,06/08/2021,2.0,1054.5,2.0,2109.0,105629,Aggregated-2021-08-06,2
HCL TECHNOLOGIES LTD.,CASH,18/10/2021,1.0,1220.0,1.0,1220.0,105629,Aggregated-2021-10-18,1
HCL TECHNOLOGIES LTD.,CASH,18/11/2021,1.0,1118.0,1.0,1118.0,105629,Aggregated-2021-11-18,1
HCL TECHNOLOGIES LTD.,CASH,31/12/2021,1.0,1317.3,1.0,1317.3,105629,Aggregated-2021-12-31,1
HCL TECHNOLOGIES LTD.,CASH,05/01/2022,1.0,1309.0,1.0,1309.0,105629,Aggregated-2022-01-05,1
HCL TECHNOLOGIES LTD.,CASH,17/01/2022,1.0,1256.0,1.0,1256.0,105629,Aggregated-2022-01-17,1
HCL TECHNOLOGIES LTD.,CASH,18/01/2022,1.0,1220.0,1.0,1220.0,105629,Aggregated-2022-01-18,1
HCL TECHNOLOGIES LTD.,CASH,21/01/2022,1.0,1169.0,1.0,1169.0,105629,Aggregated-2022-01-21,1
HCL TECHNOLOGIES LTD.,CASH,25/01/2022,1.0,1139.0,1.0,1139.0,105629,Aggregated-2022-01-25,1
HCL TECHNOLOGIES LTD.,CASH,07/04/2022,1.0,1169.0,1.0,1169.0,105629,Aggregated-2022-04-07,1
HCL TECHNOLOGIES LTD.,CASH,08/04/2022,1.0,1168.0,1.0,1168.0,105629,Aggregated-2022-04-08,1
HCL TECHNOLOGIES LTD.,CASH,23/05/2022,1.0,1028.0,1.0,1028.0,105629,Aggregated-2022-05-23,1
HCL TECHNOLOGIES LTD.,CASH,24/05/2022,2.0,991.6,2.0,1983.2,105629,Aggregated-2022-05-24,1
HCL TECHNOLOGIES LTD.,CASH,15/07/2022,2.0,890.0,2.0,1780.0,105629,Aggregated-2022-07-15,1
HCL TECHNOLOGIES LTD.,CASH,01/09/2022,1.0,924.0,1.0,924.0,105629,Aggregated-2022-09-01,1
HCL TECHNOLOGIES LTD.,CASH,16/09/2022,2.0,894.5,2.0,1789.0,105629,Aggregated-2022-09-16,1
HCL TECHNOLOGIES LTD.,CASH,30/11/2022,2.0,1123.9,2.0,2247.8,105629,Aggregated-2022-11-30,1
HCL TECHNOLOGIES LTD.,CASH,09/12/2022,1.0,1026.0,1.0,1026.0,105629,Aggregated-2022-12-09,1
HCL TECHNOLOGIES LTD.,CASH,10/05/2023,3.0,1079.0,3.0,3237.0,105629,Aggregated-2023-05-10,3
HCL TECHNOLOGIES LTD.,CASH,15/05/2023,2.0,1100.0,2.0,2200.0,105629,Aggregated-2023-05-15,1
HDFC BANK LTD.,CASH,29/07/2020,2.0,1068.0,2.0,2136.0,105629,Aggregated-2020-07-29,2
HDFC BANK LTD.,CASH,30/07/2020,1.0,1060.0,1.0,1060.0,105629,Aggregated-2020-07-30,1
HDFC BANK LTD.,CASH,31/07/2020,1.0,1030.0,1.0,1030.0,105629,Aggregated-2020-07-31,1
HDFC BANK LTD.,CASH,07/12/2020,1.0,1368.0,1.0,1368.0,105629,Aggregated-2020-12-07,1
HDFC BANK LTD.,CASH,11/12/2020,1.0,1379.75,1.0,1379.75,105629,Aggregated-2020-12-11,1
HDFC BANK LTD.,CASH,23/12/2020,1.0,1367.0,1.0,1367.0,105629,Aggregated-2020-12-23,1
HDFC BANK LTD.,CASH,17/12/2021,1.0,1470.0,1.0,1470.0,105629,Aggregated-2021-12-17,1
HDFC BANK LTD.,CASH,20/12/2021,1.0,1425.0,1.0,1425.0,105629,Aggregated-2021-12-20,1
HDFC BANK LTD.,CASH,19/05/2022,1.0,1289.0,1.0,1289.0,105629,Aggregated-2022-05-19,1
Hindustan Aeronautics Limited,CASH,22/06/2023,5.0,3768.8,5.0,18844.0,105629,Aggregated-2023-06-22,3
HINDUSTAN UNILEVER LTD.,CASH,29/12/2021,1.0,2305.0,1.0,2305.0,105629,Aggregated-2021-12-29,1
HINDUSTAN UNILEVER LTD.,CASH,23/03/2022,1.0,1985.0,1.0,1985.0,105629,Aggregated-2022-03-23,1
HINDUSTAN UNILEVER LTD.,CASH,12/05/2022,1.0,2140.0,1.0,2140.0,105629,Aggregated-2022-05-12,1
HINDUSTAN UNILEVER LTD.,CASH,23/05/2022,1.0,2375.0,1.0,2375.0,105629,Aggregated-2022-05-23,1
HINDUSTAN UNILEVER LTD.,CASH,24/05/2022,1.0,2320.0,1.0,2320.0,105629,Aggregated-2022-05-24,1
HINDUSTAN UNILEVER LTD.,CASH,26/05/2022,1.0,2277.9,1.0,2277.9,105629,Aggregated-2022-05-26,1
HINDUSTAN UNILEVER LTD.,CASH,03/06/2022,1.0,2270.0,1.0,2270.0,105629,Aggregated-2022-06-03,1
HINDUSTAN UNILEVER LTD.,CASH,09/06/2022,1.0,2200.0,1.0,2200.0,105629,Aggregated-2022-06-09,1
HINDUSTAN UNILEVER LTD.,CASH,26/07/2022,1.0,2580.0,1.0,2580.0,105629,Aggregated-2022-07-26,1
HINDUSTAN UNILEVER LTD.,CASH,01/08/2022,1.0,2585.0,1.0,2585.0,105629,Aggregated-2022-08-01,1
HINDUSTAN UNILEVER LTD.,CASH,26/08/2022,2.0,2573.0,2.0,5146.0,105629,Aggregated-2022-08-26,1
ICICI BANK LTD.,CASH,20/08/2020,5.0,363.0,5.0,1815.0,105629,Aggregated-2020-08-20,1
ICICI BANK LTD.,CASH,04/09/2020,1.0,370.0,1.0,370.0,105629,Aggregated-2020-09-04,1
ICICI BANK LTD.,CASH,14/09/2020,1.0,363.0,1.0,363.0,105629,Aggregated-2020-09-14,1
ICICI BANK LTD.,CASH,21/12/2020,1.0,508.0,1.0,508.0,105629,Aggregated-2020-12-21,1
ICICI BANK LTD.,CASH,07/01/2021,1.0,544.0,1.0,544.0,105629,Aggregated-2021-01-07,1
ICICI BANK LTD.,CASH,27/01/2021,1.0,522.5,1.0,522.5,105629,Aggregated-2021-01-27,1
ICICI BANK LTD.,CASH,26/02/2021,1.0,607.0,1.0,607.0,105629,Aggregated-2021-02-26,1
ICICI BANK LTD.,CASH,16/03/2021,1.0,595.0,1.0,595.0,105629,Aggregated-2021-03-16,1
ICICI BANK LTD.,CASH,17/12/2021,2.0,728.0,2.0,1456.0,105629,Aggregated-2021-12-17,1
ICICI BANK LTD.,CASH,20/12/2021,2.0,710.0,2.0,1420.0,105629,Aggregated-2021-12-20,1
ICICI BANK LTD.,CASH,06/04/2022,1.0,736.5,1.0,736.5,105629,Aggregated-2022-04-06,1
ICICI BANK LTD.,CASH,19/05/2022,1.0,688.0,1.0,688.0,105629,Aggregated-2022-05-19,1
ICICI BANK LTD.,CASH,17/06/2022,2.0,684.5,2.0,1369.0,105629,Aggregated-2022-06-17,1
ICICI BANK LTD.,CASH,24/08/2022,1.0,868.0,1.0,868.0,105629,Aggregated-2022-08-24,1
ICICI BANK LTD.,CASH,29/08/2022,1.0,855.0,1.0,855.0,105629,Aggregated-2022-08-29,1
ICICI BANK LTD.,CASH,19/09/2022,1.0,901.0,1.0,901.0,105629,Aggregated-2022-09-19,1
ICICI BANK LTD.,CASH,23/09/2022,2.0,881.5,2.0,1763.0,105629,Aggregated-2022-09-23,2
ICICI BANK LTD.,CASH,03/10/2022,1.0,847.0,1.0,847.0,105629,Aggregated-2022-10-03,1
ICICI BANK LTD.,CASH,14/12/2022,2.0,925.0,2.0,1850.0,105629,Aggregated-2022-12-14,1
ICICI BANK LTD.,CASH,16/12/2022,2.0,901.0,2.0,1802.0,105629,Aggregated-2022-12-16,1
ICICI BANK LTD.,CASH,05/01/2023,1.0,880.0,1.0,880.0,105629,Aggregated-2023-01-05,1
ICICI BANK LTD.,CASH,09/01/2023,1.0,875.0,1.0,875.0,105629,Aggregated-2023-01-09,1
ICICI BANK LTD.,CASH,11/01/2023,1.0,865.35,1.0,865.35,105629,Aggregated-2023-01-11,1
ICICI BANK LTD.,CASH,25/01/2023,2.0,856.0,2.0,1712.0,105629,Aggregated-2023-01-25,1
ICICI BANK LTD.,CASH,27/01/2023,4.0,817.0,4.0,3268.0,105629,Aggregated-2023-01-27,2
ICICI BANK LTD.,CASH,24/05/2023,3.0,950.0,3.0,2850.0,105629,Aggregated-2023-05-24,1
ICICI BANK LTD.,CASH,25/05/2023,2.0,938.35,2.0,1876.7,105629,Aggregated-2023-05-25,1
ICICI BANK LTD.,CASH,15/06/2023,2.0,927.0,2.0,1854.0,105629,Aggregated-2023-06-15,1
ICICI BANK LTD.,CASH,20/06/2023,3.0,921.0,3.0,2763.0,105629,Aggregated-2023-06-20,2
ICICI BANK LTD.,CASH,22/06/2023,2.0,932.0,2.0,1864.0,105629,Aggregated-2023-06-22,1
ICICI BANK LTD.,CASH,11/07/2023,1.0,949.0,1.0,949.0,105629,Aggregated-2023-07-11,1
IDFC FIRST BANK LIMITED,CASH,01/02/2021,20.0,46.3,20.0,926.0,105629,Aggregated-2021-02-01,1
IDFC FIRST BANK LIMITED,CASH,22/02/2021,30.0,61.0,30.0,1830.0,105629,Aggregated-2021-02-22,1
IDFC FIRST BANK LIMITED,CASH,01/03/2021,10.0,63.5,10.0,635.0,105629,Aggregated-2021-03-01,1
IDFC FIRST BANK LIMITED,CASH,15/03/2021,10.0,65.0,10.0,650.0,105629,Aggregated-2021-03-15,1
IDFC FIRST BANK LIMITED,CASH,11/05/2021,20.0,55.0,20.0,1100.0,105629,Aggregated-2021-05-11,1
IDFC FIRST BANK LIMITED,CASH,17/05/2021,10.0,55.0,10.0,550.0,105629,Aggregated-2021-05-17,1
IDFC FIRST BANK LIMITED,CASH,18/05/2021,10.0,56.7,10.0,567.0,105629,Aggregated-2021-05-18,1
IDFC FIRST BANK LIMITED,CASH,24/05/2021,10.0,59.2,10.0,592.0,105629,Aggregated-2021-05-24,1
IDFC FIRST BANK LIMITED,CASH,26/05/2021,10.0,57.8,10.0,578.0,105629,Aggregated-2021-05-26,1
IDFC FIRST BANK LIMITED,CASH,22/06/2021,20.0,59.1,20.0,1182.0,105629,Aggregated-2021-06-22,1
IDFC FIRST BANK LIMITED,CASH,28/06/2021,30.0,57.8,30.0,1734.0,105629,Aggregated-2021-06-28,1
IDFC FIRST BANK LIMITED,CASH,29/06/2021,20.0,56.0,20.0,1120.0,105629,Aggregated-2021-06-29,1
IDFC FIRST BANK LIMITED,CASH,30/06/2021,20.0,53.9,20.0,1078.0,105629,Aggregated-2021-06-30,1
IDFC FIRST BANK LIMITED,CASH,06/07/2021,10.0,53.9,10.0,539.0,105629,Aggregated-2021-07-06,1
IDFC FIRST BANK LIMITED,CASH,15/07/2021,20.0,53.4,20.0,1068.0,105629,Aggregated-2021-07-15,1
IDFC FIRST BANK LIMITED,CASH,19/07/2021,20.0,52.6,20.0,1052.0,105629,Aggregated-2021-07-19,1
IDFC FIRST BANK LIMITED,CASH,28/07/2021,30.0,50.75,30.0,1522.5,105629,Aggregated-2021-07-28,1
IDFC FIRST BANK LIMITED,CASH,27/12/2021,10.0,47.0,10.0,470.0,105629,Aggregated-2021-12-27,1
IDFC FIRST BANK LIMITED,CASH,29/12/2021,20.0,47.45,20.0,949.0,105629,Aggregated-2021-12-29,1
IDFC FIRST BANK LIMITED,CASH,11/01/2022,20.0,50.0,20.0,1000.0,105629,Aggregated-2022-01-11,1
IDFC FIRST BANK LIMITED,CASH,28/03/2022,20.0,38.5,20.0,770.0,105629,Aggregated-2022-03-28,1
INDIAN HOTELS CO.LTD.,CASH,12/11/2020,10.0,113.0,10.0,1130.0,105629,Aggregated-2020-11-12,1
INDIAN HOTELS CO.LTD.,CASH,08/11/2021,5.0,213.0,5.0,1065.0,105629,Aggregated-2021-11-08,1
INDIAN HOTELS CO.LTD.,CASH,15/11/2021,5.0,216.0,5.0,1080.0,105629,Aggregated-2021-11-15,1
INDIAN HOTELS CO.LTD.,CASH,17/05/2022,5.0,225.0,5.0,1125.0,105629,Aggregated-2022-05-17,1
INDIAN HOTELS CO.LTD.,CASH,18/08/2022,5.0,275.0,5.0,1375.0,105629,Aggregated-2022-08-18,1
INDIAN HOTELS CO.LTD.,CASH,19/08/2022,5.0,272.0,5.0,1360.0,105629,Aggregated-2022-08-19,1
INDIAN HOTELS CO.LTD.,CASH,23/08/2022,5.0,270.3,5.0,1351.5,105629,Aggregated-2022-08-23,1
INDIAN HOTELS CO.LTD.,CASH,29/08/2022,5.0,282.5,5.0,1412.5,105629,Aggregated-2022-08-29,1
INDIAN HOTELS CO.LTD.,CASH,07/09/2022,2.0,307.0,2.0,614.0,105629,Aggregated-2022-09-07,1
INDIAN HOTELS CO.LTD.,CASH,08/09/2022,5.0,309.0,5.0,1545.0,105629,Aggregated-2022-09-08,1
INDIAN HOTELS CO.LTD.,CASH,16/09/2022,5.0,320.7,5.0,1603.5,105629,Aggregated-2022-09-16,1
INDIAN HOTELS CO.LTD.,CASH,19/09/2022,5.0,320.0,5.0,1600.0,105629,Aggregated-2022-09-19,1
INDIAN HOTELS CO.LTD.,CASH,26/09/2022,5.0,310.0,5.0,1550.0,105629,Aggregated-2022-09-26,1
INDIAN HOTELS CO.LTD.,CASH,13/10/2022,10.0,313.5,10.0,3135.0,105629,Aggregated-2022-10-13,2
INDIAN HOTELS CO.LTD.,CASH,14/10/2022,5.0,309.0,5.0,1545.0,105629,Aggregated-2022-10-14,1
INDIAN HOTELS CO.LTD.,CASH,16/11/2022,5.0,314.0,5.0,1570.0,105629,Aggregated-2022-11-16,1
INDIAN HOTELS CO.LTD.,CASH,20/01/2023,3.0,295.0,3.0,885.0,105629,Aggregated-2023-01-20,1
INDIAN HOTELS CO.LTD.,CASH,21/06/2023,5.0,397.0,5.0,1985.0,105629,Aggregated-2023-06-21,1
INDIAN HOTELS CO.LTD.,CASH,05/07/2023,5.0,383.0,5.0,1915.0,105629,Aggregated-2023-07-05,5
INDIAN OIL CORPORATION LTD.,CASH,22/03/2022,10.0,119.5,10.0,1195.0,105629,Aggregated-2022-03-22,1
INDIAN OIL CORPORATION LTD.,CASH,30/03/2022,10.0,118.0,10.0,1180.0,105629,Aggregated-2022-03-30,1
INDIAN OIL CORPORATION LTD.,CASH,18/05/2022,30.0,119.06666666666666,30.0,3572.0,105629,Aggregated-2022-05-18,3
Indian Railway Finance Corpora,CASH,16/11/2022,100.0,26.5,100.0,2650.0,105629,Aggregated-2022-11-16,1
Indian Railway Finance Corpora,CASH,17/11/2022,100.0,27.9,100.0,2790.0,105629,Aggregated-2022-11-17,1
Indian Railway Finance Corpora,CASH,18/11/2022,50.0,27.5,50.0,1375.0,105629,Aggregated-2022-11-18,1
Indian Railway Finance Corpora,CASH,08/12/2022,200.0,32.45,200.0,6490.000000000001,105629,Aggregated-2022-12-08,2
Indian Railway Finance Corpora,CASH,09/12/2022,50.0,31.0,50.0,1550.0,105629,Aggregated-2022-12-09,3
Indian Railway Finance Corpora,CASH,23/02/2023,100.0,27.9,100.0,2790.0,105629,Aggregated-2023-02-23,1
Indian Railway Finance Corpora,CASH,01/03/2023,100.0,27.9,100.0,2790.0,105629,Aggregated-2023-03-01,1
INDUSIND BANK LTD.,CASH,18/12/2020,1.0,906.0,1.0,906.0,105629,Aggregated-2020-12-18,1
INDUSIND BANK LTD.,CASH,21/12/2020,2.0,865.0,2.0,1730.0,105629,Aggregated-2020-12-21,2
INDUSIND BANK LTD.,CASH,08/11/2021,1.0,1060.0,1.0,1060.0,105629,Aggregated-2021-11-08,1
INDUSIND BANK LTD.,CASH,22/12/2021,1.0,872.0,1.0,872.0,105629,Aggregated-2021-12-22,1
INDUSIND BANK LTD.,CASH,09/05/2022,1.0,890.0,1.0,890.0,105629,Aggregated-2022-05-09,1
INDUSIND BANK LTD.,CASH,10/05/2022,1.0,917.0,1.0,917.0,105629,Aggregated-2022-05-10,1
INDUSIND BANK LTD.,CASH,23/09/2022,1.0,1184.0,1.0,1184.0,105629,Aggregated-2022-09-23,1
INDUSIND BANK LTD.,CASH,26/09/2022,1.0,1149.5,1.0,1149.5,105629,Aggregated-2022-09-26,1
INDUSIND BANK LTD.,CASH,11/10/2022,1.0,1173.5,1.0,1173.5,105629,Aggregated-2022-10-11,1
INDUSIND BANK LTD.,CASH,16/12/2022,2.0,1227.0,2.0,2454.0,105629,Aggregated-2022-12-16,1
INDUSIND BANK LTD.,CASH,25/01/2023,1.0,1156.0,1.0,1156.0,105629,Aggregated-2023-01-25,1
INDUSIND BANK LTD.,CASH,27/01/2023,1.0,1117.7,1.0,1117.7,105629,Aggregated-2023-01-27,1
INFOSYS LTD.,CASH,07/09/2020,3.0,922.1666666666666,3.0,2766.5,105629,Aggregated-2020-09-07,3
INFOSYS LTD.,CASH,09/09/2020,1.0,938.9,1.0,938.9,105629,Aggregated-2020-09-09,1
INFOSYS LTD.,CASH,10/09/2020,1.0,928.0,1.0,928.0,105629,Aggregated-2020-09-10,1
INFOSYS LTD.,CASH,15/10/2020,4.0,1116.225,4.0,4464.9,105629,Aggregated-2020-10-15,4
INFOSYS LTD.,CASH,02/12/2020,1.0,1124.0,1.0,1124.0,105629,Aggregated-2020-12-02,1
INFOSYS LTD.,CASH,08/09/2021,1.0,1690.0,1.0,1690.0,105629,Aggregated-2021-09-08,1
INFOSYS LTD.,CASH,28/09/2021,1.0,1685.5,1.0,1685.5,105629,Aggregated-2021-09-28,1
INFOSYS LTD.,CASH,30/09/2021,1.0,1682.0,1.0,1682.0,105629,Aggregated-2021-09-30,1
INFOSYS LTD.,CASH,28/10/2021,1.0,1700.0,1.0,1700.0,105629,Aggregated-2021-10-28,1
INFOSYS LTD.,CASH,29/10/2021,1.0,1680.0,1.0,1680.0,105629,Aggregated-2021-10-29,1
INFOSYS LTD.,CASH,23/11/2021,1.0,1721.0,1.0,1721.0,105629,Aggregated-2021-11-23,1
INFOSYS LTD.,CASH,31/12/2021,1.0,1887.0,1.0,1887.0,105629,Aggregated-2021-12-31,1
INFOSYS LTD.,CASH,06/01/2022,1.0,1818.0,1.0,1818.0,105629,Aggregated-2022-01-06,1
INFOSYS LTD.,CASH,20/01/2022,1.0,1821.0,1.0,1821.0,105629,Aggregated-2022-01-20,1
INFOSYS LTD.,CASH,21/01/2022,1.0,1785.95,1.0,1785.95,105629,Aggregated-2022-01-21,1
INFOSYS LTD.,CASH,25/01/2022,1.0,1730.0,1.0,1730.0,105629,Aggregated-2022-01-25,1
INFOSYS LTD.,CASH,11/04/2022,1.0,1767.0,1.0,1767.0,105629,Aggregated-2022-04-11,1
INFOSYS LTD.,CASH,18/04/2022,1.0,1625.0,1.0,1625.0,105629,Aggregated-2022-04-18,1
INFOSYS LTD.,CASH,19/04/2022,1.0,1595.0,1.0,1595.0,105629,Aggregated-2022-04-19,1
INFOSYS LTD.,CASH,09/05/2022,1.0,1555.0,1.0,1555.0,105629,Aggregated-2022-05-09,1
INFOSYS LTD.,CASH,19/05/2022,1.0,1430.0,1.0,1430.0,105629,Aggregated-2022-05-19,1
INFOSYS LTD.,CASH,23/05/2022,1.0,1480.0,1.0,1480.0,105629,Aggregated-2022-05-23,1
INFOSYS LTD.,CASH,24/05/2022,1.0,1440.0,1.0,1440.0,105629,Aggregated-2022-05-24,1
INFOSYS LTD.,CASH,15/07/2022,1.0,1420.0,1.0,1420.0,105629,Aggregated-2022-07-15,1
INFOSYS LTD.,CASH,11/08/2022,1.0,1619.95,1.0,1619.95,105629,Aggregated-2022-08-11,1
INFOSYS LTD.,CASH,12/08/2022,1.0,1594.0,1.0,1594.0,105629,Aggregated-2022-08-12,1
INFOSYS LTD.,CASH,26/08/2022,2.0,1520.0,2.0,3040.0,105629,Aggregated-2022-08-26,1
INFOSYS LTD.,CASH,16/09/2022,2.0,1373.8,2.0,2747.6,105629,Aggregated-2022-09-16,1
INFOSYS LTD.,CASH,09/12/2022,1.0,1570.0,1.0,1570.0,105629,Aggregated-2022-12-09,1
INFOSYS LTD.,CASH,12/12/2022,1.0,1555.0,1.0,1555.0,105629,Aggregated-2022-12-12,1
INFOSYS LTD.,CASH,05/01/2023,2.0,1474.0,2.0,2948.0,105629,Aggregated-2023-01-05,1
INFOSYS LTD.,CASH,09/01/2023,1.0,1484.0,1.0,1484.0,105629,Aggregated-2023-01-09,1
INFOSYS LTD.,CASH,21/04/2023,1.0,1226.95,1.0,1226.95,105629,Aggregated-2023-04-21,1
INFOSYS LTD.,CASH,10/05/2023,1.0,1265.0,1.0,1265.0,105629,Aggregated-2023-05-10,1
INFOSYS LTD.,CASH,15/05/2023,1.0,1260.0,1.0,1260.0,105629,Aggregated-2023-05-15,1
INFOSYS LTD.,CASH,17/05/2023,1.0,1247.0,1.0,1247.0,105629,Aggregated-2023-05-17,1
INFOSYS LTD.,CASH,20/06/2023,1.0,1300.0,1.0,1300.0,105629,Aggregated-2023-06-20,1
INFOSYS LTD.,CASH,22/06/2023,1.0,1280.5,1.0,1280.5,105629,Aggregated-2023-06-22,1
INFOSYS LTD.,CASH,21/07/2023,2.0,1341.5,2.0,2683.0,105629,Aggregated-2023-07-21,2
InterGlobe Aviation Limited,CASH,29/07/2020,5.0,911.0,5.0,4555.0,105629,Aggregated-2020-07-29,1
InterGlobe Aviation Limited,CASH,16/04/2021,1.0,1585.0,1.0,1585.0,105629,Aggregated-2021-04-16,1
InterGlobe Aviation Limited,CASH,22/07/2021,1.0,1660.0,1.0,1660.0,105629,Aggregated-2021-07-22,1
InterGlobe Aviation Limited,CASH,28/07/2021,1.0,1670.0,1.0,1670.0,105629,Aggregated-2021-07-28,1
InterGlobe Aviation Limited,CASH,29/07/2021,1.0,1650.0,1.0,1650.0,105629,Aggregated-2021-07-29,1
InterGlobe Aviation Limited,CASH,30/07/2021,1.0,1645.0,1.0,1645.0,105629,Aggregated-2021-07-30,1
InterGlobe Aviation Limited,CASH,26/11/2021,1.0,1900.0,1.0,1900.0,105629,Aggregated-2021-11-26,1
InterGlobe Aviation Limited,CASH,29/11/2021,1.0,1860.0,1.0,1860.0,105629,Aggregated-2021-11-29,1
InterGlobe Aviation Limited,CASH,20/12/2021,1.0,1817.0,1.0,1817.0,105629,Aggregated-2021-12-20,1
InterGlobe Aviation Limited,CASH,27/01/2022,1.0,1860.0,1.0,1860.0,105629,Aggregated-2022-01-27,1
InterGlobe Aviation Limited,CASH,28/01/2022,1.0,1854.0,1.0,1854.0,105629,Aggregated-2022-01-28,1
InterGlobe Aviation Limited,CASH,02/05/2022,1.0,1850.0,1.0,1850.0,105629,Aggregated-2022-05-02,1
InterGlobe Aviation Limited,CASH,10/05/2022,1.0,1695.0,1.0,1695.0,105629,Aggregated-2022-05-10,1
InterGlobe Aviation Limited,CASH,19/05/2022,1.0,1670.0,1.0,1670.0,105629,Aggregated-2022-05-19,1
InterGlobe Aviation Limited,CASH,08/09/2022,2.0,1939.0,2.0,3878.0,105629,Aggregated-2022-09-08,1
InterGlobe Aviation Limited,CASH,10/10/2022,1.0,1772.0,1.0,1772.0,105629,Aggregated-2022-10-10,1
InterGlobe Aviation Limited,CASH,10/11/2022,1.0,1699.5,1.0,1699.5,105629,Aggregated-2022-11-10,1
ITC LTD.,CASH,10/05/2022,10.0,263.0,10.0,2630.0,105629,Aggregated-2022-05-10,1
ITC LTD.,CASH,27/05/2022,10.0,269.5,10.0,2695.0,105629,Aggregated-2022-05-27,1
ITC LTD.,CASH,17/06/2022,5.0,263.0,5.0,1315.0,105629,Aggregated-2022-06-17,1
ITC LTD.,CASH,29/06/2022,5.0,270.0,5.0,1350.0,105629,Aggregated-2022-06-29,1
ITC LTD.,CASH,13/07/2022,5.0,293.9,5.0,1469.5,105629,Aggregated-2022-07-13,1
ITC LTD.,CASH,15/07/2022,5.0,290.0,5.0,1450.0,105629,Aggregated-2022-07-15,1
ITC LTD.,CASH,22/07/2022,10.0,301.0,10.0,3010.0,105629,Aggregated-2022-07-22,1
ITC LTD.,CASH,11/08/2022,5.0,305.65,5.0,1528.25,105629,Aggregated-2022-08-11,1
ITC LTD.,CASH,24/08/2022,5.0,314.0,5.0,1570.0,105629,Aggregated-2022-08-24,1
ITC LTD.,CASH,26/08/2022,10.0,313.0,10.0,3130.0,105629,Aggregated-2022-08-26,1
ITC LTD.,CASH,03/10/2022,5.0,325.0,5.0,1625.0,105629,Aggregated-2022-10-03,1
ITC LTD.,CASH,21/11/2022,2.0,337.45,2.0,674.9,105629,Aggregated-2022-11-21,1
ITC LTD.,CASH,08/06/2023,5.0,442.9,5.0,2214.5,105629,Aggregated-2023-06-08,1
ITC LTD.,CASH,14/06/2023,5.0,446.0,5.0,2230.0,105629,Aggregated-2023-06-14,1
ITC LTD.,CASH,21/06/2023,5.0,446.9,5.0,2234.5,105629,Aggregated-2023-06-21,1
ITC LTD.,CASH,05/07/2023,5.0,475.0,5.0,2375.0,105629,Aggregated-2023-07-05,1
KARUR VYSYA BANK LTD.,CASH,01/09/2020,10.0,38.0,10.0,380.0,105629,Aggregated-2020-09-01,1
KARUR VYSYA BANK LTD.,CASH,04/09/2020,10.0,38.0,10.0,380.0,105629,Aggregated-2020-09-04,1
KARUR VYSYA BANK LTD.,CASH,10/09/2020,10.0,37.2,10.0,372.0,105629,Aggregated-2020-09-10,1
KARUR VYSYA BANK LTD.,CASH,19/10/2020,30.0,30.9,30.0,927.0,105629,Aggregated-2020-10-19,1
KARUR VYSYA BANK LTD.,CASH,23/02/2021,10.0,61.0,10.0,610.0,105629,Aggregated-2021-02-23,1
KARUR VYSYA BANK LTD.,CASH,01/03/2021,10.0,59.0,10.0,590.0,105629,Aggregated-2021-03-01,1
KARUR VYSYA BANK LTD.,CASH,24/05/2021,10.0,59.1,10.0,591.0,105629,Aggregated-2021-05-24,1
KARUR VYSYA BANK LTD.,CASH,25/05/2021,10.0,58.0,10.0,580.0,105629,Aggregated-2021-05-25,1
KARUR VYSYA BANK LTD.,CASH,01/06/2021,10.0,57.0,10.0,570.0,105629,Aggregated-2021-06-01,1
KARUR VYSYA BANK LTD.,CASH,28/07/2021,30.0,46.0,30.0,1380.0,105629,Aggregated-2021-07-28,1
KARUR VYSYA BANK LTD.,CASH,29/12/2021,10.0,44.9,10.0,449.0,105629,Aggregated-2021-12-29,1
KOTAK MAHINDRA BANK LTD.,CASH,24/08/2022,1.0,1862.0,1.0,1862.0,105629,Aggregated-2022-08-24,1
L&T FINANCE HOLDINGS LTD.,CASH,08/07/2020,10.0,72.05,10.0,720.5,105629,Aggregated-2020-07-08,1
L&T FINANCE HOLDINGS LTD.,CASH,14/09/2020,10.0,63.6,10.0,636.0,105629,Aggregated-2020-09-14,1
L&T FINANCE HOLDINGS LTD.,CASH,25/09/2020,10.0,58.0,10.0,580.0,105629,Aggregated-2020-09-25,1
L&T Technology Services Limite,CASH,20/10/2020,1.0,1755.0,1.0,1755.0,105629,Aggregated-2020-10-20,1
L&T Technology Services Limite,CASH,21/10/2021,1.0,4600.0,1.0,4600.0,105629,Aggregated-2021-10-21,1
L&T Technology Services Limite,CASH,06/12/2021,1.0,5250.0,1.0,5250.0,105629,Aggregated-2021-12-06,1
L&T Technology Services Limite,CASH,01/07/2022,1.0,2980.0,1.0,2980.0,105629,Aggregated-2022-07-01,1
Larsen & Toubro Infotech Limit,CASH,13/10/2020,1.0,3225.0,1.0,3225.0,105629,Aggregated-2020-10-13,1
LARSEN & TOUBRO LTD.,CASH,16/03/2021,1.0,1468.0,1.0,1468.0,105629,Aggregated-2021-03-16,1
LARSEN & TOUBRO LTD.,CASH,19/04/2021,1.0,1309.0,1.0,1309.0,105629,Aggregated-2021-04-19,1
LARSEN & TOUBRO LTD.,CASH,06/12/2021,1.0,1780.5,1.0,1780.5,105629,Aggregated-2021-12-06,1
LARSEN & TOUBRO LTD.,CASH,20/12/2021,1.0,1800.0,1.0,1800.0,105629,Aggregated-2021-12-20,1
LARSEN & TOUBRO LTD.,CASH,24/01/2022,1.0,1895.0,1.0,1895.0,105629,Aggregated-2022-01-24,1
LARSEN & TOUBRO LTD.,CASH,25/01/2022,1.0,1880.0,1.0,1880.0,105629,Aggregated-2022-01-25,1
LARSEN & TOUBRO LTD.,CASH,11/02/2022,1.0,1870.0,1.0,1870.0,105629,Aggregated-2022-02-11,1
LARSEN & TOUBRO LTD.,CASH,14/03/2022,1.0,1735.0,1.0,1735.0,105629,Aggregated-2022-03-14,1
LARSEN & TOUBRO LTD.,CASH,23/03/2022,1.0,1760.0,1.0,1760.0,105629,Aggregated-2022-03-23,1
LARSEN & TOUBRO LTD.,CASH,05/04/2022,1.0,1830.0,1.0,1830.0,105629,Aggregated-2022-04-05,1
LARSEN & TOUBRO LTD.,CASH,08/04/2022,1.0,1820.0,1.0,1820.0,105629,Aggregated-2022-04-08,1
LARSEN & TOUBRO LTD.,CASH,26/04/2022,1.0,1670.0,1.0,1670.0,105629,Aggregated-2022-04-26,1
LARSEN & TOUBRO LTD.,CASH,11/05/2022,1.0,1576.0,1.0,1576.0,105629,Aggregated-2022-05-11,1
LARSEN & TOUBRO LTD.,CASH,12/06/2023,1.0,2340.0,1.0,2340.0,105629,Aggregated-2023-06-12,1
LARSEN & TOUBRO LTD.,CASH,27/09/2023,10.0,3200.0,10.0,32000.0,105629,Aggregated-2023-09-27,1
LTIMindtree Limited,CASH,06/12/2021,1.0,6650.0,1.0,6650.0,105629,Aggregated-2021-12-06,1
LTIMindtree Limited,CASH,24/01/2022,1.0,5985.0,1.0,5985.0,105629,Aggregated-2022-01-24,1
LTIMindtree Limited,CASH,12/04/2022,1.0,5897.0,1.0,5897.0,105629,Aggregated-2022-04-12,1
LTIMindtree Limited,CASH,21/04/2022,1.0,5000.0,1.0,5000.0,105629,Aggregated-2022-04-21,1
MAHINDRA & MAHINDRA LTD.,CASH,01/09/2020,1.0,605.0,1.0,605.0,105629,Aggregated-2020-09-01,1
MAHINDRA & MAHINDRA LTD.,CASH,07/09/2020,1.0,608.5,1.0,608.5,105629,Aggregated-2020-09-07,1
MAHINDRA & MAHINDRA LTD.,CASH,08/09/2020,1.0,609.0,1.0,609.0,105629,Aggregated-2020-09-08,1
MAHINDRA & MAHINDRA LTD.,CASH,09/09/2020,1.0,600.0,1.0,600.0,105629,Aggregated-2020-09-09,1
MAHINDRA & MAHINDRA LTD.,CASH,17/05/2022,1.0,913.0,1.0,913.0,105629,Aggregated-2022-05-17,1
MAHINDRA & MAHINDRA LTD.,CASH,26/08/2022,5.0,1281.0,5.0,6405.0,105629,Aggregated-2022-08-26,1
MAHINDRA & MAHINDRA LTD.,CASH,29/08/2022,5.0,1275.0,5.0,6375.0,105629,Aggregated-2022-08-29,1
MAHINDRA & MAHINDRA LTD.,CASH,14/06/2023,2.0,1373.0,2.0,2746.0,105629,Aggregated-2023-06-14,1
MAN INFRACONSTRUCTION LTD.,CASH,18/08/2020,50.0,28.0,50.0,1400.0,105629,Aggregated-2020-08-18,1
MAN INFRACONSTRUCTION LTD.,CASH,22/09/2020,20.0,25.4,20.0,508.0,105629,Aggregated-2020-09-22,2
MAN INFRACONSTRUCTION LTD.,CASH,03/12/2020,30.0,33.0,30.0,990.0,105629,Aggregated-2020-12-03,1
MAN INFRACONSTRUCTION LTD.,CASH,17/03/2021,60.0,42.8,60.0,2568.0,105629,Aggregated-2021-03-17,2
MAN INFRACONSTRUCTION LTD.,CASH,24/03/2021,10.0,40.0,10.0,400.0,105629,Aggregated-2021-03-24,1
MAN INFRACONSTRUCTION LTD.,CASH,25/03/2021,10.0,38.55,10.0,385.5,105629,Aggregated-2021-03-25,1
MAN INFRACONSTRUCTION LTD.,CASH,19/04/2021,30.0,36.5,30.0,1095.0,105629,Aggregated-2021-04-19,2
MAN INFRACONSTRUCTION LTD.,CASH,02/06/2021,10.0,51.85,10.0,518.5,105629,Aggregated-2021-06-02,1
MAN INFRACONSTRUCTION LTD.,CASH,03/06/2021,20.0,53.0,20.0,1060.0,105629,Aggregated-2021-06-03,1
MAN INFRACONSTRUCTION LTD.,CASH,07/06/2021,20.0,55.0,20.0,1100.0,105629,Aggregated-2021-06-07,1
MAN INFRACONSTRUCTION LTD.,CASH,15/06/2021,10.0,60.0,10.0,600.0,105629,Aggregated-2021-06-15,1
MAN INFRACONSTRUCTION LTD.,CASH,06/07/2021,30.0,62.9,30.0,1887.0,105629,Aggregated-2021-07-06,1
MAN INFRACONSTRUCTION LTD.,CASH,14/07/2021,20.0,59.9,20.0,1198.0,105629,Aggregated-2021-07-14,1
MAN INFRACONSTRUCTION LTD.,CASH,15/07/2021,10.0,57.7,10.0,577.0,105629,Aggregated-2021-07-15,1
MAN INFRACONSTRUCTION LTD.,CASH,19/07/2021,20.0,62.3,20.0,1246.0,105629,Aggregated-2021-07-19,1
MAN INFRACONSTRUCTION LTD.,CASH,04/08/2021,20.0,64.0,20.0,1280.0,105629,Aggregated-2021-08-04,1
MAN INFRACONSTRUCTION LTD.,CASH,10/08/2021,20.0,70.0,20.0,1400.0,105629,Aggregated-2021-08-10,1
MAN INFRACONSTRUCTION LTD.,CASH,13/08/2021,20.0,68.0,20.0,1360.0,105629,Aggregated-2021-08-13,1
MAN INFRACONSTRUCTION LTD.,CASH,09/09/2021,10.0,70.0,10.0,700.0,105629,Aggregated-2021-09-09,1
MAN INFRACONSTRUCTION LTD.,CASH,21/09/2021,10.0,82.0,10.0,820.0,105629,Aggregated-2021-09-21,1
MAN INFRACONSTRUCTION LTD.,CASH,23/09/2021,20.0,89.8,20.0,1796.0,105629,Aggregated-2021-09-23,1
MAN INFRACONSTRUCTION LTD.,CASH,24/09/2021,10.0,95.0,10.0,950.0,105629,Aggregated-2021-09-24,1
MAN INFRACONSTRUCTION LTD.,CASH,30/09/2021,20.0,109.0,20.0,2180.0,105629,Aggregated-2021-09-30,1
MAN INFRACONSTRUCTION LTD.,CASH,05/10/2021,30.0,108.0,30.0,3240.0,105629,Aggregated-2021-10-05,1
MAN INFRACONSTRUCTION LTD.,CASH,06/10/2021,20.0,105.0,20.0,2100.0,105629,Aggregated-2021-10-06,1
MAN INFRACONSTRUCTION LTD.,CASH,07/10/2021,10.0,104.5,10.0,1045.0,105629,Aggregated-2021-10-07,1
MAN INFRACONSTRUCTION LTD.,CASH,28/10/2021,10.0,119.0,10.0,1190.0,105629,Aggregated-2021-10-28,1
MAN INFRACONSTRUCTION LTD.,CASH,15/11/2021,20.0,130.0,20.0,2600.0,105629,Aggregated-2021-11-15,2
MAN INFRACONSTRUCTION LTD.,CASH,17/11/2021,20.0,103.0,20.0,2060.0,105629,Aggregated-2021-11-17,2
MAN INFRACONSTRUCTION LTD.,CASH,30/11/2021,20.0,89.75,20.0,1795.0,105629,Aggregated-2021-11-30,2
MAN INFRACONSTRUCTION LTD.,CASH,02/12/2021,10.0,88.0,10.0,880.0,105629,Aggregated-2021-12-02,1
MAN INFRACONSTRUCTION LTD.,CASH,20/12/2021,10.0,88.45,10.0,884.5,105629,Aggregated-2021-12-20,1
MAN INFRACONSTRUCTION LTD.,CASH,03/01/2022,10.0,104.0,10.0,1040.0,105629,Aggregated-2022-01-03,1
MAN INFRACONSTRUCTION LTD.,CASH,21/01/2022,10.0,118.6,10.0,1186.0,105629,Aggregated-2022-01-21,1
MAN INFRACONSTRUCTION LTD.,CASH,28/01/2022,10.0,110.4,10.0,1104.0,105629,Aggregated-2022-01-28,1
MAN INFRACONSTRUCTION LTD.,CASH,09/03/2022,10.0,102.4,10.0,1024.0,105629,Aggregated-2022-03-09,1
MAN INFRACONSTRUCTION LTD.,CASH,15/03/2022,10.0,102.0,10.0,1020.0,105629,Aggregated-2022-03-15,1
MAN INFRACONSTRUCTION LTD.,CASH,17/03/2022,10.0,104.0,10.0,1040.0,105629,Aggregated-2022-03-17,1
MAN INFRACONSTRUCTION LTD.,CASH,25/03/2022,10.0,104.0,10.0,1040.0,105629,Aggregated-2022-03-25,1
MAN INFRACONSTRUCTION LTD.,CASH,28/03/2022,10.0,102.0,10.0,1020.0,105629,Aggregated-2022-03-28,1
MAN INFRACONSTRUCTION LTD.,CASH,31/03/2022,10.0,104.0,10.0,1040.0,105629,Aggregated-2022-03-31,1
MAN INFRACONSTRUCTION LTD.,CASH,19/04/2022,10.0,115.0,10.0,1150.0,105629,Aggregated-2022-04-19,1
MAN INFRACONSTRUCTION LTD.,CASH,09/05/2022,20.0,92.0,20.0,1840.0,105629,Aggregated-2022-05-09,2
MINDTREE LTD.,CASH,07/10/2020,1.0,1370.0,1.0,1370.0,105629,Aggregated-2020-10-07,1
MINDTREE LTD.,CASH,15/10/2020,2.0,1455.5,2.0,2911.0,105629,Aggregated-2020-10-15,2
MINDTREE LTD.,CASH,16/10/2020,2.0,1305.0,2.0,2610.0,105629,Aggregated-2020-10-16,2
MINDTREE LTD.,CASH,11/10/2021,1.0,4300.0,1.0,4300.0,105629,Aggregated-2021-10-11,1
MINDTREE LTD.,CASH,21/10/2021,1.0,4500.0,1.0,4500.0,105629,Aggregated-2021-10-21,1
MINDTREE LTD.,CASH,18/11/2021,1.0,4820.0,1.0,4820.0,105629,Aggregated-2021-11-18,1
MINDTREE LTD.,CASH,06/12/2021,1.0,4390.0,1.0,4390.0,105629,Aggregated-2021-12-06,1
MINDTREE LTD.,CASH,18/01/2022,1.0,4500.0,1.0,4500.0,105629,Aggregated-2022-01-18,1
MOTHERSON SUMI SYSTEMS LTD.,CASH,18/09/2020,10.0,124.0,10.0,1240.0,105629,Aggregated-2020-09-18,1
MOTHERSON SUMI SYSTEMS LTD.,CASH,24/09/2020,5.0,103.0,5.0,515.0,105629,Aggregated-2020-09-24,1
MOTHERSON SUMI SYSTEMS LTD.,CASH,25/09/2020,5.0,109.2,5.0,546.0,105629,Aggregated-2020-09-25,1
MOTHERSON SUMI SYSTEMS LTD.,CASH,28/09/2020,5.0,112.7,5.0,563.5,105629,Aggregated-2020-09-28,1
MOTHERSON SUMI SYSTEMS LTD.,CASH,19/10/2020,10.0,107.0,10.0,1070.0,105629,Aggregated-2020-10-19,1
NMDC LTD.,CASH,21/04/2022,10.0,169.0,10.0,1690.0,105629,Aggregated-2022-04-21,1
NMDC LTD.,CASH,22/04/2022,10.0,168.0,10.0,1680.0,105629,Aggregated-2022-04-22,1
NMDC LTD.,CASH,13/05/2022,10.0,136.0,10.0,1360.0,105629,Aggregated-2022-05-13,2
NMDC LTD.,CASH,25/05/2022,10.0,121.0,10.0,1210.0,105629,Aggregated-2022-05-25,1
NMDC LTD.,CASH,22/07/2022,10.0,104.05,10.0,1040.5,105629,Aggregated-2022-07-22,1
NMDC LTD.,CASH,03/08/2022,10.0,105.8,10.0,1058.0,105629,Aggregated-2022-08-03,1
NMDC LTD.,CASH,05/08/2022,20.0,111.0,20.0,2220.0,105629,Aggregated-2022-08-05,1
NMDC LTD.,CASH,17/08/2022,10.0,116.0,10.0,1160.0,105629,Aggregated-2022-08-17,1
NMDC LTD.,CASH,25/08/2022,10.0,123.0,10.0,1230.0,105629,Aggregated-2022-08-25,1
NMDC LTD.,CASH,26/08/2022,10.0,123.0,10.0,1230.0,105629,Aggregated-2022-08-26,1
NTPC LTD.,CASH,28/09/2020,20.0,87.75,12.0,1053.0,105629,Aggregated-2020-09-28,1
NTPC LTD.,CASH,29/12/2020,8.0,115.0,8.0,920.0,105629,Aggregated-2020-12-29,1
NTPC LTD.,CASH,11/04/2022,10.0,152.0,10.0,1520.0,105629,Aggregated-2022-04-11,1
NTPC LTD.,CASH,22/04/2022,10.0,160.0,10.0,1600.0,105629,Aggregated-2022-04-22,1
NTPC LTD.,CASH,18/05/2022,10.0,148.5,10.0,1485.0,105629,Aggregated-2022-05-18,1
NUCLEUS SOFTWARE EXPORTS LTD.,CASH,28/08/2020,3.0,543.3333333333334,3.0,1630.0,105629,Aggregated-2020-08-28,2
ORACLE FINANCIAL SERVICES SOFT,CASH,19/05/2022,1.0,3150.0,1.0,3150.0,105629,Aggregated-2022-05-19,1
ORACLE FINANCIAL SERVICES SOFT,CASH,26/07/2022,1.0,3180.0,1.0,3180.0,105629,Aggregated-2022-07-26,1
ORACLE FINANCIAL SERVICES SOFT,CASH,29/08/2022,1.0,3168.0,1.0,3168.0,105629,Aggregated-2022-08-29,1
ORACLE FINANCIAL SERVICES SOFT,CASH,08/06/2023,1.0,3548.0,1.0,3548.0,105629,Aggregated-2023-06-08,1
ORACLE FINANCIAL SERVICES SOFT,CASH,04/07/2023,1.0,3778.0,1.0,3778.0,105629,Aggregated-2023-07-04,1
POWER FINANCE CORPORATION LTD.,CASH,18/11/2022,10.0,124.7,10.0,1247.0,105629,Aggregated-2022-11-18,1
POWER FINANCE CORPORATION LTD.,CASH,09/12/2022,10.0,142.0,10.0,1420.0,105629,Aggregated-2022-12-09,1
POWER FINANCE CORPORATION LTD.,CASH,27/01/2023,10.0,136.25,10.0,1362.5,105629,Aggregated-2023-01-27,1
POWER FINANCE CORPORATION LTD.,CASH,27/02/2023,10.0,143.5,10.0,1435.0,105629,Aggregated-2023-02-27,1
POWER FINANCE CORPORATION LTD.,CASH,21/04/2023,10.0,156.6,10.0,1566.0,105629,Aggregated-2023-04-21,1
POWER FINANCE CORPORATION LTD.,CASH,12/05/2023,10.0,162.35,10.0,1623.5,105629,Aggregated-2023-05-12,1
POWER FINANCE CORPORATION LTD.,CASH,17/05/2023,10.0,164.3,10.0,1643.0,105629,Aggregated-2023-05-17,1
POWER FINANCE CORPORATION LTD.,CASH,16/06/2023,10.0,197.0,10.0,1970.0,105629,Aggregated-2023-06-16,1
POWER GRID CORPORATION OF INDI,CASH,29/06/2021,6.0,232.0,6.0,1392.0,105629,Aggregated-2021-06-29,1
POWER GRID CORPORATION OF INDI,CASH,10/12/2021,5.0,202.0,5.0,1010.0,105629,Aggregated-2021-12-10,1
POWER GRID CORPORATION OF INDI,CASH,22/12/2021,10.0,201.25,10.0,2012.5,105629,Aggregated-2021-12-22,1
POWER GRID CORPORATION OF INDI,CASH,17/01/2022,5.0,206.0,5.0,1030.0,105629,Aggregated-2022-01-17,1
POWER GRID CORPORATION OF INDI,CASH,17/03/2022,5.0,210.0,5.0,1050.0,105629,Aggregated-2022-03-17,1
POWER GRID CORPORATION OF INDI,CASH,08/04/2022,10.0,231.0,10.0,2310.0,105629,Aggregated-2022-04-08,1
POWER GRID CORPORATION OF INDI,CASH,18/05/2022,5.0,228.0,5.0,1140.0,105629,Aggregated-2022-05-18,1
POWER GRID CORPORATION OF INDI,CASH,05/09/2022,5.0,224.0,5.0,1120.0,105629,Aggregated-2022-09-05,1
POWER GRID CORPORATION OF INDI,CASH,23/09/2022,5.0,202.0,5.0,1010.0,105629,Aggregated-2022-09-23,1
POWER GRID CORPORATION OF INDI,CASH,18/10/2022,5.0,212.0,5.0,1060.0,105629,Aggregated-2022-10-18,1
Rail Vikas Nigam Limited,CASH,17/11/2022,50.0,61.0,50.0,3050.0,105629,Aggregated-2022-11-17,1
Rail Vikas Nigam Limited,CASH,27/02/2023,20.0,61.2,20.0,1224.0,105629,Aggregated-2023-02-27,1
Rail Vikas Nigam Limited,CASH,28/02/2023,20.0,57.5,20.0,1150.0,105629,Aggregated-2023-02-28,1
RailTel Corporation of India L,CASH,25/04/2022,10.0,115.0,10.0,1150.0,105629,Aggregated-2022-04-25,1
RailTel Corporation of India L,CASH,26/04/2022,10.0,113.0,10.0,1130.0,105629,Aggregated-2022-04-26,1
RailTel Corporation of India L,CASH,02/05/2022,10.0,105.0,10.0,1050.0,105629,Aggregated-2022-05-02,1
RailTel Corporation of India L,CASH,04/05/2022,10.0,105.0,10.0,1050.0,105629,Aggregated-2022-05-04,1
RailTel Corporation of India L,CASH,12/07/2022,10.0,96.0,10.0,960.0,105629,Aggregated-2022-07-12,1
RailTel Corporation of India L,CASH,14/07/2022,10.0,93.2,10.0,932.0,105629,Aggregated-2022-07-14,1
RailTel Corporation of India L,CASH,22/07/2022,10.0,97.0,10.0,970.0,105629,Aggregated-2022-07-22,2
RailTel Corporation of India L,CASH,03/08/2022,10.0,99.4,10.0,994.0,105629,Aggregated-2022-08-03,1
RailTel Corporation of India L,CASH,17/08/2022,20.0,97.95,20.0,1959.0,105629,Aggregated-2022-08-17,3
RailTel Corporation of India L,CASH,26/08/2022,10.0,96.0,10.0,960.0,105629,Aggregated-2022-08-26,1
RELIANCE INDUSTRIES LTD.,CASH,16/07/2020,6.0,1840.0,1.0,1840.0,105629,Aggregated-2020-07-16,2
RELIANCE INDUSTRIES LTD.,CASH,17/07/2020,7.0,1881.0,7.0,13167.0,105629,Aggregated-2020-07-17,3
RELIANCE INDUSTRIES LTD.,CASH,22/07/2020,4.0,1997.0,4.0,7988.0,105629,Aggregated-2020-07-22,2
RELIANCE INDUSTRIES LTD.,CASH,23/07/2020,2.0,2040.0,2.0,4080.0,105629,Aggregated-2020-07-23,1
RELIANCE INDUSTRIES LTD.,CASH,28/07/2020,4.0,2188.0,4.0,8752.0,105629,Aggregated-2020-07-28,1
RELIANCE INDUSTRIES LTD.,CASH,31/07/2020,2.0,2075.0,2.0,4150.0,105629,Aggregated-2020-07-31,2
RELIANCE INDUSTRIES LTD.,CASH,17/08/2020,1.0,2080.0,1.0,2080.0,105629,Aggregated-2020-08-17,1
RELIANCE INDUSTRIES LTD.,CASH,25/08/2020,1.0,2080.0,1.0,2080.0,105629,Aggregated-2020-08-25,1
RELIANCE INDUSTRIES LTD.,CASH,01/10/2020,1.0,2230.0,1.0,2230.0,105629,Aggregated-2020-10-01,1
RELIANCE INDUSTRIES LTD.,CASH,06/10/2020,1.0,2209.0,1.0,2209.0,105629,Aggregated-2020-10-06,1
RELIANCE INDUSTRIES LTD.,CASH,15/10/2020,1.0,2207.0,1.0,2207.0,105629,Aggregated-2020-10-15,1
RELIANCE INDUSTRIES LTD.,CASH,16/10/2020,1.0,2175.0,1.0,2175.0,105629,Aggregated-2020-10-16,1
RELIANCE INDUSTRIES LTD.,CASH,20/10/2020,1.0,2155.0,1.0,2155.0,105629,Aggregated-2020-10-20,1
RELIANCE INDUSTRIES LTD.,CASH,21/10/2020,1.0,2120.0,1.0,2120.0,105629,Aggregated-2020-10-21,1
RELIANCE INDUSTRIES LTD.,CASH,26/10/2020,1.0,2030.0,1.0,2030.0,105629,Aggregated-2020-10-26,1
RELIANCE INDUSTRIES LTD.,CASH,29/10/2020,1.0,2000.0,1.0,2000.0,105629,Aggregated-2020-10-29,1
SBI Life Insurance Company Lim,CASH,03/12/2020,1.0,860.0,1.0,860.0,105629,Aggregated-2020-12-03,1
SBI Life Insurance Company Lim,CASH,18/01/2021,1.0,890.0,1.0,890.0,105629,Aggregated-2021-01-18,1
SBI Life Insurance Company Lim,CASH,24/03/2021,1.0,878.5,1.0,878.5,105629,Aggregated-2021-03-24,1
SBI Life Insurance Company Lim,CASH,27/04/2021,1.0,929.0,1.0,929.0,105629,Aggregated-2021-04-27,1
SBI Life Insurance Company Lim,CASH,06/09/2021,1.0,1238.0,1.0,1238.0,105629,Aggregated-2021-09-06,1
SBI Life Insurance Company Lim,CASH,07/09/2021,1.0,1231.0,1.0,1231.0,105629,Aggregated-2021-09-07,1
SBI Life Insurance Company Lim,CASH,08/09/2021,1.0,1221.0,1.0,1221.0,105629,Aggregated-2021-09-08,1
SBI Life Insurance Company Lim,CASH,09/09/2021,2.0,1172.5,2.0,2345.0,105629,Aggregated-2021-09-09,2
SBI Life Insurance Company Lim,CASH,13/09/2021,1.0,1159.0,1.0,1159.0,105629,Aggregated-2021-09-13,1
SBI Life Insurance Company Lim,CASH,11/02/2022,1.0,1130.0,1.0,1130.0,105629,Aggregated-2022-02-11,1
SBI Mutual Fund- Permitted,CASH,30/11/2021,10.0,175.0,5.0,875.0,105629,Aggregated-2021-11-30,1
SBI Mutual Fund- Permitted,CASH,03/12/2021,10.0,175.9,10.0,1759.0,105629,Aggregated-2021-12-03,1
SBI Mutual Fund- Permitted,CASH,06/12/2021,20.0,173.0,20.0,3460.0,105629,Aggregated-2021-12-06,1
SBI Mutual Fund- Permitted,CASH,15/12/2021,10.0,176.0,10.0,1760.0,105629,Aggregated-2021-12-15,1
SBI Mutual Fund- Permitted,CASH,17/12/2021,10.0,173.75,10.0,1737.5,105629,Aggregated-2021-12-17,1
SBI Mutual Fund- Permitted,CASH,20/12/2021,10.0,170.0,10.0,1700.0,105629,Aggregated-2021-12-20,1
SBI Mutual Fund- Permitted,CASH,20/01/2022,10.0,181.8,10.0,1818.0,105629,Aggregated-2022-01-20,1
SBI Mutual Fund- Permitted,CASH,21/01/2022,10.0,179.0,10.0,1790.0,105629,Aggregated-2022-01-21,1
SBI Mutual Fund- Permitted,CASH,24/01/2022,10.0,174.81,10.0,1748.1,105629,Aggregated-2022-01-24,1
SBI Mutual Fund- Permitted,CASH,25/01/2022,10.0,173.9,10.0,1739.0,105629,Aggregated-2022-01-25,1
SBI Mutual Fund- Permitted,CASH,27/01/2022,10.0,174.0,10.0,1740.0,105629,Aggregated-2022-01-27,1
SBI Mutual Fund- Permitted,CASH,01/02/2022,1.0,179.0,1.0,179.0,105629,Aggregated-2022-02-01,1
SBI Mutual Fund- Permitted,CASH,07/02/2022,10.0,176.5,10.0,1765.0,105629,Aggregated-2022-02-07,1
SBI Mutual Fund- Permitted,CASH,09/03/2022,10.0,166.5,10.0,1665.0,105629,Aggregated-2022-03-09,1
SBI Mutual Fund- Permitted,CASH,11/03/2022,10.0,169.8,10.0,1698.0,105629,Aggregated-2022-03-11,1
SBI Mutual Fund- Permitted,CASH,15/03/2022,10.0,171.5,10.0,1715.0,105629,Aggregated-2022-03-15,1
SBI Mutual Fund- Permitted,CASH,18/04/2022,10.0,176.35,10.0,1763.5,105629,Aggregated-2022-04-18,1
SBI Mutual Fund- Permitted,CASH,19/04/2022,10.0,176.0,10.0,1760.0,105629,Aggregated-2022-04-19,1
SBI Mutual Fund- Permitted,CASH,02/05/2022,10.0,174.0,10.0,1740.0,105629,Aggregated-2022-05-02,1
SBI Mutual Fund- Permitted,CASH,04/05/2022,10.0,174.0,10.0,1740.0,105629,Aggregated-2022-05-04,1
SBI Mutual Fund- Permitted,CASH,05/05/2022,10.0,173.0,10.0,1730.0,105629,Aggregated-2022-05-05,1
SBI Mutual Fund- Permitted,CASH,09/05/2022,10.0,167.5,10.0,1675.0,105629,Aggregated-2022-05-09,1
SBI Mutual Fund- Permitted,CASH,12/05/2022,20.0,163.2,20.0,3264.0,105629,Aggregated-2022-05-12,2
SBI Mutual Fund- Permitted,CASH,13/05/2022,10.0,162.5,10.0,1625.0,105629,Aggregated-2022-05-13,1
SBI Mutual Fund- Permitted,CASH,16/05/2022,10.0,163.0,10.0,1630.0,105629,Aggregated-2022-05-16,1
SBI Mutual Fund- Permitted,CASH,13/06/2022,10.0,162.0,10.0,1620.0,105629,Aggregated-2022-06-13,1
SBI Mutual Fund- Permitted,CASH,16/06/2022,10.0,160.9,10.0,1609.0,105629,Aggregated-2022-06-16,1
SBI Mutual Fund- Permitted,CASH,17/06/2022,10.0,157.5,10.0,1575.0,105629,Aggregated-2022-06-17,1
SBI Mutual Fund- Permitted,CASH,30/06/2022,10.0,162.0,10.0,1620.0,105629,Aggregated-2022-06-30,1
SBI Mutual Fund- Permitted,CASH,23/08/2022,10.0,180.85,10.0,1808.5,105629,Aggregated-2022-08-23,1
SBI Mutual Fund- Permitted,CASH,29/08/2022,10.0,179.2,10.0,1792.0,105629,Aggregated-2022-08-29,1
SBI Mutual Fund- Permitted,CASH,23/09/2022,10.0,179.2,10.0,1792.0,105629,Aggregated-2022-09-23,1
SBI Mutual Fund- Permitted,CASH,26/09/2022,20.0,176.5,20.0,3530.0,105629,Aggregated-2022-09-26,2
SBI Mutual Fund- Permitted,CASH,03/10/2022,10.0,176.0,10.0,1760.0,105629,Aggregated-2022-10-03,3
SBI Mutual Fund- Permitted,CASH,11/10/2022,9.0,176.0,9.0,1584.0,105629,Aggregated-2022-10-11,1
SBI Mutual Fund- Permitted,CASH,06/12/2022,10.0,192.2,10.0,1922.0,105629,Aggregated-2022-12-06,1
SBI Mutual Fund- Permitted,CASH,07/12/2022,10.0,192.2,10.0,1922.0,105629,Aggregated-2022-12-07,1
SBI Mutual Fund- Permitted,CASH,15/12/2022,10.0,190.35,10.0,1903.5,105629,Aggregated-2022-12-15,1
SBI Mutual Fund- Permitted,CASH,16/12/2022,20.0,189.475,20.0,3789.5,105629,Aggregated-2022-12-16,2
SBI Mutual Fund- Permitted,CASH,11/01/2023,10.0,185.25,10.0,1852.5,105629,Aggregated-2023-01-11,1
SBI Mutual Fund- Permitted,CASH,25/01/2023,10.0,185.5,10.0,1855.0,105629,Aggregated-2023-01-25,1
SBI Mutual Fund- Permitted,CASH,27/01/2023,10.0,182.49,10.0,1824.9,105629,Aggregated-2023-01-27,1
SBI Mutual Fund- Permitted,CASH,30/01/2023,10.0,182.6,10.0,1826.0,105629,Aggregated-2023-01-30,1
SBI Mutual Fund- Permitted,CASH,01/02/2023,10.0,182.5,10.0,1825.0,105629,Aggregated-2023-02-01,2
SBI Mutual Fund- Permitted,CASH,02/02/2023,10.0,182.31,10.0,1823.1,105629,Aggregated-2023-02-02,2
SBI Mutual Fund- Permitted,CASH,22/02/2023,10.0,181.96,10.0,1819.6000000000001,105629,Aggregated-2023-02-22,1
SBI Mutual Fund- Permitted,CASH,23/02/2023,10.0,182.17,10.0,1821.6999999999998,105629,Aggregated-2023-02-23,1
SBI Mutual Fund- Permitted,CASH,24/02/2023,10.0,181.22,10.0,1812.2,105629,Aggregated-2023-02-24,1
SBI Mutual Fund- Permitted,CASH,27/02/2023,10.0,180.6,10.0,1806.0,105629,Aggregated-2023-02-27,1
SBI Mutual Fund- Permitted,CASH,01/03/2023,10.0,180.6,10.0,1806.0,105629,Aggregated-2023-03-01,1
SBI Mutual Fund- Permitted,CASH,14/03/2023,20.0,176.75,20.0,3535.0,105629,Aggregated-2023-03-14,2
SBI Mutual Fund- Permitted,CASH,16/03/2023,10.0,176.2,10.0,1762.0,105629,Aggregated-2023-03-16,1
SBI Mutual Fund- Permitted,CASH,22/09/2023,10.0,205.0,10.0,2050.0,105629,Aggregated-2023-09-22,1
SBI Mutual Fund- Permitted,CASH,01/12/2023,20.0,211.45999999999998,20.0,4229.2,105629,Aggregated-2023-12-01,1
SBI-ETF NIFTY 50,CASH,18/01/2021,5.0,149.0,5.0,745.0,105629,Aggregated-2021-01-18,1
SBI-ETF NIFTY 50,CASH,27/01/2021,20.0,145.6,20.0,2912.0,105629,Aggregated-2021-01-27,2
SBI-ETF NIFTY 50,CASH,28/01/2021,10.0,144.0,10.0,1440.0,105629,Aggregated-2021-01-28,1
SBI-ETF NIFTY 50,CASH,01/02/2021,20.0,147.7,20.0,2954.0,105629,Aggregated-2021-02-01,2
SBI-ETF NIFTY 50,CASH,26/02/2021,10.0,153.7,10.0,1537.0,105629,Aggregated-2021-02-26,1
SBI-ETF NIFTY 50,CASH,15/03/2021,20.0,153.25,20.0,3065.0,105629,Aggregated-2021-03-15,2
SBI-ETF NIFTY 50,CASH,24/03/2021,10.0,148.0,10.0,1480.0,105629,Aggregated-2021-03-24,1
SBI-ETF NIFTY 50,CASH,25/03/2021,10.0,146.1,10.0,1461.0,105629,Aggregated-2021-03-25,1
SBI-ETF NIFTY 50,CASH,20/04/2021,10.0,145.12,10.0,1451.2,105629,Aggregated-2021-04-20,1
SBI-ETF NIFTY 50,CASH,30/06/2021,10.0,160.6,10.0,1606.0,105629,Aggregated-2021-06-30,1
SBI-ETF NIFTY 50,CASH,19/07/2021,10.0,160.5,10.0,1605.0,105629,Aggregated-2021-07-19,1
SBI-ETF NIFTY 50,CASH,20/07/2021,10.0,159.5,10.0,1595.0,105629,Aggregated-2021-07-20,1
SBI-ETF NIFTY 50,CASH,17/08/2021,10.0,168.5,10.0,1685.0,105629,Aggregated-2021-08-17,1
SBI-ETF NIFTY 50,CASH,18/08/2021,10.0,169.0,10.0,1690.0,105629,Aggregated-2021-08-18,1
SBI-ETF NIFTY 50,CASH,20/08/2021,10.0,167.6,10.0,1676.0,105629,Aggregated-2021-08-20,1
SBI-ETF NIFTY 50,CASH,08/09/2021,10.0,177.0,10.0,1770.0,105629,Aggregated-2021-09-08,1
SBI-ETF NIFTY 50,CASH,20/09/2021,10.0,178.0,10.0,1780.0,105629,Aggregated-2021-09-20,1
SBI-ETF NIFTY 50,CASH,21/09/2021,10.0,177.0,10.0,1770.0,105629,Aggregated-2021-09-21,1
SHANTHI GEARS LTD.,CASH,04/11/2020,5.0,100.0,5.0,500.0,105629,Aggregated-2020-11-04,1
SHANTHI GEARS LTD.,CASH,13/11/2020,10.0,99.2,10.0,992.0,105629,Aggregated-2020-11-13,1
SHANTHI GEARS LTD.,CASH,02/08/2021,5.0,200.0,5.0,1000.0,105629,Aggregated-2021-08-02,1
SHANTHI GEARS LTD.,CASH,10/08/2021,5.0,181.0,5.0,905.0,105629,Aggregated-2021-08-10,1
SHANTHI GEARS LTD.,CASH,08/10/2021,5.0,164.0,5.0,820.0,105629,Aggregated-2021-10-08,1
SHANTHI GEARS LTD.,CASH,30/11/2021,10.0,148.5,10.0,1485.0,105629,Aggregated-2021-11-30,1
SHANTHI GEARS LTD.,CASH,22/12/2021,5.0,145.05,5.0,725.25,105629,Aggregated-2021-12-22,1
SHANTHI GEARS LTD.,CASH,20/06/2022,5.0,187.9,5.0,939.5,105629,Aggregated-2022-06-20,1
SHANTHI GEARS LTD.,CASH,14/06/2023,3.0,444.0,3.0,1332.0,105629,Aggregated-2023-06-14,1
SONATA SOFTWARE LTD.,CASH,04/09/2020,3.0,310.0,3.0,930.0,105629,Aggregated-2020-09-04,2
SONATA SOFTWARE LTD.,CASH,21/09/2020,1.0,328.0,1.0,328.0,105629,Aggregated-2020-09-21,1
SONATA SOFTWARE LTD.,CASH,11/08/2021,1.0,817.0,1.0,817.0,105629,Aggregated-2021-08-11,1
SONATA SOFTWARE LTD.,CASH,07/09/2021,1.0,845.0,1.0,845.0,105629,Aggregated-2021-09-07,1
SONATA SOFTWARE LTD.,CASH,15/09/2021,1.0,850.0,1.0,850.0,105629,Aggregated-2021-09-15,1
SONATA SOFTWARE LTD.,CASH,30/09/2021,1.0,870.0,1.0,870.0,105629,Aggregated-2021-09-30,1
SONATA SOFTWARE LTD.,CASH,19/10/2021,1.0,945.0,1.0,945.0,105629,Aggregated-2021-10-19,1
SONATA SOFTWARE LTD.,CASH,21/10/2021,2.0,841.5,2.0,1683.0,105629,Aggregated-2021-10-21,2
SONATA SOFTWARE LTD.,CASH,09/12/2022,2.0,593.0,2.0,1186.0,105629,Aggregated-2022-12-09,1
SONATA SOFTWARE LTD.,CASH,14/12/2022,2.0,560.0,2.0,1120.0,105629,Aggregated-2022-12-14,1
SONATA SOFTWARE LTD.,CASH,08/05/2023,2.0,854.0,2.0,1708.0,105629,Aggregated-2023-05-08,1
SONATA SOFTWARE LTD.,CASH,12/05/2023,2.0,862.2,2.0,1724.4,105629,Aggregated-2023-05-12,1
SONATA SOFTWARE LTD.,CASH,08/06/2023,2.0,990.0,2.0,1980.0,105629,Aggregated-2023-06-08,2
STATE BANK OF INDIA,CASH,01/12/2022,10.0,602.0,10.0,6020.0,105629,Aggregated-2022-12-01,1
STATE BANK OF INDIA,CASH,06/12/2022,20.0,609.45,20.0,12189.0,105629,Aggregated-2022-12-06,2
STATE BANK OF INDIA,CASH,07/12/2022,20.0,606.4,20.0,12128.0,105629,Aggregated-2022-12-07,2
STATE BANK OF INDIA,CASH,15/12/2022,2.0,616.5,2.0,1233.0,105629,Aggregated-2022-12-15,1
STATE BANK OF INDIA,CASH,16/12/2022,14.0,603.7142857142857,14.0,8452.0,105629,Aggregated-2022-12-16,3
STATE BANK OF INDIA,CASH,20/12/2022,5.0,601.0,5.0,3005.0,105629,Aggregated-2022-12-20,1
STATE BANK OF INDIA,CASH,10/01/2023,2.0,595.0,2.0,1190.0,105629,Aggregated-2023-01-10,1
STATE BANK OF INDIA,CASH,25/01/2023,10.0,568.0,10.0,5680.0,105629,Aggregated-2023-01-25,1
STATE BANK OF INDIA,CASH,27/01/2023,10.0,539.95,10.0,5399.5,105629,Aggregated-2023-01-27,1
STATE BANK OF INDIA,CASH,01/02/2023,2.0,526.0,2.0,1052.0,105629,Aggregated-2023-02-01,1
STATE BANK OF INDIA,CASH,22/02/2023,2.0,516.5,2.0,1033.0,105629,Aggregated-2023-02-22,1
STATE BANK OF INDIA,CASH,27/03/2023,3.0,510.75,3.0,1532.25,105629,Aggregated-2023-03-27,1
STATE BANK OF INDIA,CASH,19/05/2023,10.0,573.9,10.0,5739.0,105629,Aggregated-2023-05-19,1
STATE BANK OF INDIA,CASH,12/06/2023,2.0,580.0,2.0,1160.0,105629,Aggregated-2023-06-12,1
STATE BANK OF INDIA,CASH,13/06/2023,2.0,576.5,2.0,1153.0,105629,Aggregated-2023-06-13,1
STATE BANK OF INDIA,CASH,14/06/2023,5.0,576.6,5.0,2883.0,105629,Aggregated-2023-06-14,4
STATE BANK OF INDIA,CASH,15/06/2023,4.0,570.0,4.0,2280.0,105629,Aggregated-2023-06-15,1
STATE BANK OF INDIA,CASH,21/06/2023,2.0,566.0,2.0,1132.0,105629,Aggregated-2023-06-21,1
STATE BANK OF INDIA,CASH,22/06/2023,2.0,563.0,2.0,1126.0,105629,Aggregated-2023-06-22,1
STEEL AUTHORITY OF INDIA LTD.,CASH,17/07/2020,100.0,35.35,5.0,176.75,105629,Aggregated-2020-07-17,1
STEEL AUTHORITY OF INDIA LTD.,CASH,14/01/2021,10.0,68.0,10.0,680.0,105629,Aggregated-2021-01-14,1
STEEL AUTHORITY OF INDIA LTD.,CASH,25/01/2021,10.0,58.2,10.0,582.0,105629,Aggregated-2021-01-25,1
STEEL AUTHORITY OF INDIA LTD.,CASH,29/01/2021,10.0,58.0,10.0,580.0,105629,Aggregated-2021-01-29,1
STEEL AUTHORITY OF INDIA LTD.,CASH,26/05/2021,10.0,118.6,10.0,1186.0,105629,Aggregated-2021-05-26,1
STEEL AUTHORITY OF INDIA LTD.,CASH,29/07/2021,10.0,140.0,10.0,1400.0,105629,Aggregated-2021-07-29,1
STEEL AUTHORITY OF INDIA LTD.,CASH,04/08/2021,5.0,137.65,5.0,688.25,105629,Aggregated-2021-08-04,1
STEEL AUTHORITY OF INDIA LTD.,CASH,10/08/2021,10.0,126.6,10.0,1266.0,105629,Aggregated-2021-08-10,1
STEEL AUTHORITY OF INDIA LTD.,CASH,31/08/2021,10.0,121.0,10.0,1210.0,105629,Aggregated-2021-08-31,1
STEEL AUTHORITY OF INDIA LTD.,CASH,17/09/2021,10.0,114.5,10.0,1145.0,105629,Aggregated-2021-09-17,1
STEEL AUTHORITY OF INDIA LTD.,CASH,10/11/2021,10.0,120.0,10.0,1200.0,105629,Aggregated-2021-11-10,1
STEEL AUTHORITY OF INDIA LTD.,CASH,18/11/2021,10.0,110.35,10.0,1103.5,105629,Aggregated-2021-11-18,1
STEEL AUTHORITY OF INDIA LTD.,CASH,30/11/2021,10.0,101.0,10.0,1010.0,105629,Aggregated-2021-11-30,1
STEEL AUTHORITY OF INDIA LTD.,CASH,25/03/2022,10.0,104.0,10.0,1040.0,105629,Aggregated-2022-03-25,1
STEEL AUTHORITY OF INDIA LTD.,CASH,25/05/2022,20.0,71.1,20.0,1422.0,105629,Aggregated-2022-05-25,1
STEEL AUTHORITY OF INDIA LTD.,CASH,07/09/2022,20.0,82.0,20.0,1640.0,105629,Aggregated-2022-09-07,1
TATA CHEMICALS LTD.,CASH,07/09/2020,2.0,296.5,2.0,593.0,105629,Aggregated-2020-09-07,2
TATA CHEMICALS LTD.,CASH,08/09/2020,2.0,290.0,2.0,580.0,105629,Aggregated-2020-09-08,1
TATA CHEMICALS LTD.,CASH,16/09/2020,2.0,301.7,2.0,603.4,105629,Aggregated-2020-09-16,1
TATA CHEMICALS LTD.,CASH,18/09/2020,2.0,295.0,2.0,590.0,105629,Aggregated-2020-09-18,1
TATA CHEMICALS LTD.,CASH,23/11/2020,2.0,353.0,2.0,706.0,105629,Aggregated-2020-11-23,1
TATA CHEMICALS LTD.,CASH,03/12/2020,1.0,455.0,1.0,455.0,105629,Aggregated-2020-12-03,1
TATA CHEMICALS LTD.,CASH,16/12/2020,1.0,499.0,1.0,499.0,105629,Aggregated-2020-12-16,1
TATA CHEMICALS LTD.,CASH,17/12/2020,1.0,492.8,1.0,492.8,105629,Aggregated-2020-12-17,1
TATA CHEMICALS LTD.,CASH,21/12/2020,1.0,478.0,1.0,478.0,105629,Aggregated-2020-12-21,1
TATA CHEMICALS LTD.,CASH,11/01/2021,1.0,498.0,1.0,498.0,105629,Aggregated-2021-01-11,1
TATA CHEMICALS LTD.,CASH,25/01/2021,1.0,510.0,1.0,510.0,105629,Aggregated-2021-01-25,1
TATA CHEMICALS LTD.,CASH,27/01/2021,1.0,490.0,1.0,490.0,105629,Aggregated-2021-01-27,1
TATA CHEMICALS LTD.,CASH,19/04/2021,1.0,733.0,1.0,733.0,105629,Aggregated-2021-04-19,1
TATA CHEMICALS LTD.,CASH,20/04/2021,1.0,725.0,1.0,725.0,105629,Aggregated-2021-04-20,1
TATA CHEMICALS LTD.,CASH,04/05/2021,1.0,710.0,1.0,710.0,105629,Aggregated-2021-05-04,1
TATA CHEMICALS LTD.,CASH,05/05/2021,1.0,698.0,1.0,698.0,105629,Aggregated-2021-05-05,1
TATA CHEMICALS LTD.,CASH,12/05/2021,1.0,727.0,1.0,727.0,105629,Aggregated-2021-05-12,1
TATA CHEMICALS LTD.,CASH,24/05/2021,1.0,707.0,1.0,707.0,105629,Aggregated-2021-05-24,1
TATA CHEMICALS LTD.,CASH,26/05/2021,1.0,699.95,1.0,699.95,105629,Aggregated-2021-05-26,1
TATA CHEMICALS LTD.,CASH,15/06/2021,1.0,746.0,1.0,746.0,105629,Aggregated-2021-06-15,1
TATA CHEMICALS LTD.,CASH,17/06/2021,1.0,723.5,1.0,723.5,105629,Aggregated-2021-06-17,1
TATA CHEMICALS LTD.,CASH,23/06/2021,1.0,718.0,1.0,718.0,105629,Aggregated-2021-06-23,1
TATA CHEMICALS LTD.,CASH,28/06/2021,1.0,722.0,1.0,722.0,105629,Aggregated-2021-06-28,1
TATA CHEMICALS LTD.,CASH,29/06/2021,1.0,725.0,1.0,725.0,105629,Aggregated-2021-06-29,1
TATA CHEMICALS LTD.,CASH,12/07/2021,1.0,777.0,1.0,777.0,105629,Aggregated-2021-07-12,1
TATA CHEMICALS LTD.,CASH,31/08/2021,2.0,845.0,2.0,1690.0,105629,Aggregated-2021-08-31,1
TATA CHEMICALS LTD.,CASH,03/09/2021,1.0,840.0,1.0,840.0,105629,Aggregated-2021-09-03,1
TATA CHEMICALS LTD.,CASH,08/09/2021,1.0,820.0,1.0,820.0,105629,Aggregated-2021-09-08,1
TATA CHEMICALS LTD.,CASH,20/09/2021,1.0,799.0,1.0,799.0,105629,Aggregated-2021-09-20,1
TATA CHEMICALS LTD.,CASH,21/09/2021,1.0,790.0,1.0,790.0,105629,Aggregated-2021-09-21,1
TATA CHEMICALS LTD.,CASH,06/10/2021,1.0,970.0,1.0,970.0,105629,Aggregated-2021-10-06,1
TATA CHEMICALS LTD.,CASH,20/10/2021,2.0,1032.5,2.0,2065.0,105629,Aggregated-2021-10-20,2
TATA CHEMICALS LTD.,CASH,28/10/2021,1.0,905.0,1.0,905.0,105629,Aggregated-2021-10-28,1
TATA CHEMICALS LTD.,CASH,30/11/2021,2.0,880.0,2.0,1760.0,105629,Aggregated-2021-11-30,1
TATA CHEMICALS LTD.,CASH,17/12/2021,2.0,884.15,2.0,1768.3,105629,Aggregated-2021-12-17,2
TATA CHEMICALS LTD.,CASH,21/01/2022,1.0,963.0,1.0,963.0,105629,Aggregated-2022-01-21,1
TATA CHEMICALS LTD.,CASH,24/01/2022,1.0,910.0,1.0,910.0,105629,Aggregated-2022-01-24,1
TATA CHEMICALS LTD.,CASH,10/05/2022,1.0,975.0,1.0,975.0,105629,Aggregated-2022-05-10,1
TATA CHEMICALS LTD.,CASH,16/05/2022,1.0,924.0,1.0,924.0,105629,Aggregated-2022-05-16,1
TATA CHEMICALS LTD.,CASH,25/05/2022,1.0,925.0,1.0,925.0,105629,Aggregated-2022-05-25,1
TATA CHEMICALS LTD.,CASH,26/05/2022,1.0,925.0,1.0,925.0,105629,Aggregated-2022-05-26,1
TATA CHEMICALS LTD.,CASH,23/06/2022,1.0,793.0,1.0,793.0,105629,Aggregated-2022-06-23,1
TATA CHEMICALS LTD.,CASH,03/08/2022,1.0,934.0,1.0,934.0,105629,Aggregated-2022-08-03,1
TATA CHEMICALS LTD.,CASH,16/11/2022,1.0,1050.0,1.0,1050.0,105629,Aggregated-2022-11-16,1
TATA CHEMICALS LTD.,CASH,30/11/2022,1.0,1037.0,1.0,1037.0,105629,Aggregated-2022-11-30,1
TATA CHEMICALS LTD.,CASH,14/06/2023,2.0,977.5,2.0,1955.0,105629,Aggregated-2023-06-14,1
TATA CHEMICALS LTD.,CASH,15/06/2023,2.0,960.0,2.0,1920.0,105629,Aggregated-2023-06-15,1
TATA COFFEE LTD.,CASH,10/09/2020,5.0,107.85,5.0,539.25,105629,Aggregated-2020-09-10,1
TATA COFFEE LTD.,CASH,02/11/2020,5.0,100.0,5.0,500.0,105629,Aggregated-2020-11-02,1
TATA COFFEE LTD.,CASH,03/06/2021,10.0,176.0,10.0,1760.0,105629,Aggregated-2021-06-03,1
TATA COFFEE LTD.,CASH,29/10/2021,5.0,208.0,5.0,1040.0,105629,Aggregated-2021-10-29,1
TATA COFFEE LTD.,CASH,26/11/2021,5.0,210.0,5.0,1050.0,105629,Aggregated-2021-11-26,1
TATA CONSULTANCY SERVICES LTD.,CASH,11/10/2021,1.0,3681.0,1.0,3681.0,105629,Aggregated-2021-10-11,1
TATA CONSULTANCY SERVICES LTD.,CASH,22/10/2021,1.0,3500.0,1.0,3500.0,105629,Aggregated-2021-10-22,1
TATA CONSULTANCY SERVICES LTD.,CASH,19/05/2022,1.0,3250.0,1.0,3250.0,105629,Aggregated-2022-05-19,1
TATA CONSULTANCY SERVICES LTD.,CASH,26/05/2022,1.0,3185.0,1.0,3185.0,105629,Aggregated-2022-05-26,1
TATA CONSUMER PRODUCTS LIMITED,CASH,27/08/2020,2.0,544.0,2.0,1088.0,105629,Aggregated-2020-08-27,1
TATA CONSUMER PRODUCTS LIMITED,CASH,31/08/2020,2.0,535.0,2.0,1070.0,105629,Aggregated-2020-08-31,2
TATA CONSUMER PRODUCTS LIMITED,CASH,01/09/2020,1.0,540.0,1.0,540.0,105629,Aggregated-2020-09-01,1
TATA CONSUMER PRODUCTS LIMITED,CASH,07/09/2020,1.0,544.0,1.0,544.0,105629,Aggregated-2020-09-07,1
TATA CONSUMER PRODUCTS LIMITED,CASH,08/09/2020,1.0,540.0,1.0,540.0,105629,Aggregated-2020-09-08,1
TATA CONSUMER PRODUCTS LIMITED,CASH,21/09/2020,1.0,508.0,1.0,508.0,105629,Aggregated-2020-09-21,1
TATA CONSUMER PRODUCTS LIMITED,CASH,08/10/2020,1.0,489.0,1.0,489.0,105629,Aggregated-2020-10-08,1
TATA CONSUMER PRODUCTS LIMITED,CASH,15/10/2020,1.0,480.0,1.0,480.0,105629,Aggregated-2020-10-15,1
TATA CONSUMER PRODUCTS LIMITED,CASH,17/12/2020,1.0,577.65,1.0,577.65,105629,Aggregated-2020-12-17,1
TATA CONSUMER PRODUCTS LIMITED,CASH,21/12/2020,1.0,570.0,1.0,570.0,105629,Aggregated-2020-12-21,1
TATA CONSUMER PRODUCTS LIMITED,CASH,15/01/2021,1.0,597.0,1.0,597.0,105629,Aggregated-2021-01-15,1
TATA CONSUMER PRODUCTS LIMITED,CASH,18/01/2021,1.0,590.0,1.0,590.0,105629,Aggregated-2021-01-18,1
TATA CONSUMER PRODUCTS LIMITED,CASH,15/06/2021,1.0,720.0,1.0,720.0,105629,Aggregated-2021-06-15,1
TATA CONSUMER PRODUCTS LIMITED,CASH,31/08/2021,2.0,860.0,2.0,1720.0,105629,Aggregated-2021-08-31,1
TATA CONSUMER PRODUCTS LIMITED,CASH,23/09/2021,1.0,850.0,1.0,850.0,105629,Aggregated-2021-09-23,1
TATA CONSUMER PRODUCTS LIMITED,CASH,30/11/2021,1.0,780.0,1.0,780.0,105629,Aggregated-2021-11-30,1
TATA CONSUMER PRODUCTS LIMITED,CASH,06/12/2021,1.0,750.0,1.0,750.0,105629,Aggregated-2021-12-06,1
TATA CONSUMER PRODUCTS LIMITED,CASH,31/12/2021,1.0,744.0,1.0,744.0,105629,Aggregated-2021-12-31,1
TATA CONSUMER PRODUCTS LIMITED,CASH,02/08/2022,1.0,810.0,1.0,810.0,105629,Aggregated-2022-08-02,1
TATA CONSUMER PRODUCTS LIMITED,CASH,05/08/2022,1.0,785.0,1.0,785.0,105629,Aggregated-2022-08-05,1
TATA ELXSI LTD.,CASH,06/10/2021,2.0,6145.0,1.0,6145.0,105629,Aggregated-2021-10-06,2
TATA ELXSI LTD.,CASH,20/10/2021,1.0,6150.0,1.0,6150.0,105629,Aggregated-2021-10-20,1
TATA ELXSI LTD.,CASH,21/10/2021,1.0,5868.0,1.0,5868.0,105629,Aggregated-2021-10-21,1
TATA ELXSI LTD.,CASH,30/11/2021,1.0,5850.0,1.0,5850.0,105629,Aggregated-2021-11-30,1
TATA ELXSI LTD.,CASH,12/04/2022,1.0,8480.0,1.0,8480.0,105629,Aggregated-2022-04-12,1
TATA MOTORS LTD.,CASH,29/10/2021,2.0,485.0,2.0,970.0,105629,Aggregated-2021-10-29,1
TATA MOTORS LTD.,CASH,10/12/2021,1.0,494.0,1.0,494.0,105629,Aggregated-2021-12-10,1
TATA MOTORS LTD.,CASH,13/12/2021,1.0,495.0,1.0,495.0,105629,Aggregated-2021-12-13,1
TATA MOTORS LTD.,CASH,15/12/2021,1.0,491.0,1.0,491.0,105629,Aggregated-2021-12-15,1
TATA MOTORS LTD.,CASH,01/04/2022,1.0,434.0,1.0,434.0,105629,Aggregated-2022-04-01,1
TATA MOTORS LTD.,CASH,11/04/2022,1.0,454.0,1.0,454.0,105629,Aggregated-2022-04-11,1
TATA MOTORS LTD.,CASH,19/05/2022,3.0,399.3333333333333,3.0,1198.0,105629,Aggregated-2022-05-19,2
TATA MOTORS LTD.,CASH,23/05/2022,2.0,424.0,2.0,848.0,105629,Aggregated-2022-05-23,1
TATA MOTORS LTD.,CASH,24/05/2022,2.0,425.0,2.0,850.0,105629,Aggregated-2022-05-24,1
TATA MOTORS LTD.,CASH,13/06/2022,2.0,407.9,2.0,815.8,105629,Aggregated-2022-06-13,1
TATA MOTORS LTD.,CASH,26/07/2022,2.0,445.0,2.0,890.0,105629,Aggregated-2022-07-26,1
TATA MOTORS LTD.,CASH,19/08/2022,2.0,470.5,2.0,941.0,105629,Aggregated-2022-08-19,1
TATA MOTORS LTD.,CASH,24/08/2022,2.0,463.0,2.0,926.0,105629,Aggregated-2022-08-24,1
TATA MOTORS LTD.,CASH,07/09/2022,5.0,444.0,5.0,2220.0,105629,Aggregated-2022-09-07,1
TATA POWER CO.LTD.,CASH,08/09/2020,10.0,55.0,10.0,550.0,105629,Aggregated-2020-09-08,1
TATA POWER CO.LTD.,CASH,10/09/2020,10.0,56.2,10.0,562.0,105629,Aggregated-2020-09-10,1
TATA POWER CO.LTD.,CASH,29/10/2020,10.0,52.1,10.0,521.0,105629,Aggregated-2020-10-29,1
TATA POWER CO.LTD.,CASH,06/10/2021,10.0,178.0,10.0,1780.0,105629,Aggregated-2021-10-06,1
TATA POWER CO.LTD.,CASH,21/10/2021,5.0,225.0,5.0,1125.0,105629,Aggregated-2021-10-21,1
TATA POWER CO.LTD.,CASH,28/10/2021,10.0,217.0,10.0,2170.0,105629,Aggregated-2021-10-28,1
TATA POWER CO.LTD.,CASH,04/11/2021,10.0,231.0,10.0,2310.0,105629,Aggregated-2021-11-04,1
TATA POWER CO.LTD.,CASH,27/12/2021,5.0,217.0,5.0,1085.0,105629,Aggregated-2021-12-27,1
TATA POWER CO.LTD.,CASH,20/01/2022,5.0,248.6,5.0,1243.0,105629,Aggregated-2022-01-20,1
TATA POWER CO.LTD.,CASH,24/01/2022,5.0,229.0,5.0,1145.0,105629,Aggregated-2022-01-24,1
TATA POWER CO.LTD.,CASH,19/04/2022,5.0,252.0,5.0,1260.0,105629,Aggregated-2022-04-19,1
TATA POWER CO.LTD.,CASH,22/04/2022,5.0,256.95,5.0,1284.75,105629,Aggregated-2022-04-22,1
TATA POWER CO.LTD.,CASH,26/04/2022,5.0,249.0,5.0,1245.0,105629,Aggregated-2022-04-26,1
TATA POWER CO.LTD.,CASH,28/04/2022,5.0,245.0,5.0,1225.0,105629,Aggregated-2022-04-28,1
TATA POWER CO.LTD.,CASH,04/05/2022,5.0,251.0,5.0,1255.0,105629,Aggregated-2022-05-04,1
TATA POWER CO.LTD.,CASH,24/05/2022,5.0,227.05,5.0,1135.25,105629,Aggregated-2022-05-24,1
TATA POWER CO.LTD.,CASH,20/06/2022,5.0,194.0,5.0,970.0,105629,Aggregated-2022-06-20,1
TATA POWER CO.LTD.,CASH,25/08/2022,5.0,230.0,5.0,1150.0,105629,Aggregated-2022-08-25,1
TATA POWER CO.LTD.,CASH,13/10/2022,5.0,216.5,5.0,1082.5,105629,Aggregated-2022-10-13,1
TATA POWER CO.LTD.,CASH,14/12/2022,5.0,222.0,5.0,1110.0,105629,Aggregated-2022-12-14,1
TATA POWER CO.LTD.,CASH,27/03/2023,5.0,187.5,5.0,937.5,105629,Aggregated-2023-03-27,1
TATA STEEL BSL LIMITED,CASH,23/02/2021,20.0,45.8,20.0,916.0,105629,Aggregated-2021-02-23,2
TATA STEEL BSL LIMITED,CASH,26/02/2021,10.0,47.0,10.0,470.0,105629,Aggregated-2021-02-26,1
TATA STEEL BSL LIMITED,CASH,19/04/2021,10.0,57.1,10.0,571.0,105629,Aggregated-2021-04-19,1
TATA STEEL BSL LIMITED,CASH,05/05/2021,10.0,98.0,10.0,980.0,105629,Aggregated-2021-05-05,1
TATA STEEL BSL LIMITED,CASH,14/05/2021,10.0,98.0,10.0,980.0,105629,Aggregated-2021-05-14,1
TATA STEEL BSL LIMITED,CASH,24/05/2021,10.0,96.25,10.0,962.5,105629,Aggregated-2021-05-24,1
TATA STEEL BSL LIMITED,CASH,28/05/2021,10.0,97.0,10.0,970.0,105629,Aggregated-2021-05-28,1
TATA STEEL BSL LIMITED,CASH,01/06/2021,10.0,95.7,10.0,957.0,105629,Aggregated-2021-06-01,1
TATA STEEL BSL LIMITED,CASH,03/06/2021,10.0,96.0,10.0,960.0,105629,Aggregated-2021-06-03,1
TATA STEEL BSL LIMITED,CASH,07/06/2021,10.0,94.0,10.0,940.0,105629,Aggregated-2021-06-07,1
TATA STEEL BSL LIMITED,CASH,29/10/2021,10.0,86.2,10.0,862.0,105629,Aggregated-2021-10-29,1
TATA STEEL LTD.,CASH,20/05/2021,2.0,1108.0,2.0,2216.0,105629,Aggregated-2021-05-20,1
TATA STEEL LTD.,CASH,24/05/2021,1.0,1091.6,1.0,1091.6,105629,Aggregated-2021-05-24,1
TATA STEEL LTD.,CASH,20/09/2021,2.0,1283.675,2.0,2567.35,105629,Aggregated-2021-09-20,2
TATA STEEL LTD.,CASH,24/09/2021,1.0,1260.0,1.0,1260.0,105629,Aggregated-2021-09-24,1
TATA STEEL LTD.,CASH,04/11/2021,1.0,1325.0,1.0,1325.0,105629,Aggregated-2021-11-04,1
TATA STEEL LTD.,CASH,15/11/2021,1.0,1250.0,1.0,1250.0,105629,Aggregated-2021-11-15,1
TATA STEEL LTD.,CASH,18/11/2021,1.0,1184.0,1.0,1184.0,105629,Aggregated-2021-11-18,1
TATA STEEL LTD.,CASH,02/12/2021,1.0,1087.0,1.0,1087.0,105629,Aggregated-2021-12-02,1
TATA STEEL LTD.,CASH,11/01/2022,1.0,1128.0,1.0,1128.0,105629,Aggregated-2022-01-11,1
TATA STEEL LTD.,CASH,26/04/2022,1.0,1235.0,1.0,1235.0,105629,Aggregated-2022-04-26,1
TATA STEEL LTD.,CASH,05/05/2022,1.0,1290.0,1.0,1290.0,105629,Aggregated-2022-05-05,1
TATA STEEL LTD.,CASH,09/05/2022,1.0,1267.0,1.0,1267.0,105629,Aggregated-2022-05-09,1
TATA STEEL LTD.,CASH,10/05/2022,2.0,1172.0,2.0,2344.0,105629,Aggregated-2022-05-10,2
TATA STEEL LTD.,CASH,16/05/2022,1.0,1095.0,1.0,1095.0,105629,Aggregated-2022-05-16,1
TATA STEEL LTD.,CASH,23/05/2022,1.0,1020.0,1.0,1020.0,105629,Aggregated-2022-05-23,1
TATA STEEL LTD.,CASH,15/06/2022,1.0,962.0,1.0,962.0,105629,Aggregated-2022-06-15,1
TATA STEEL LTD.,CASH,23/06/2022,1.0,841.0,1.0,841.0,105629,Aggregated-2022-06-23,1
TATA STEEL LTD.,CASH,22/07/2022,1.0,935.0,1.0,935.0,105629,Aggregated-2022-07-22,1
TATA STEEL LTD.,CASH,26/07/2022,1.0,970.0,1.0,970.0,105629,Aggregated-2022-07-26,1
TATA STEEL LTD.,CASH,19/08/2022,10.0,109.9,10.0,1099.0,105629,Aggregated-2022-08-19,1
TATA STEEL LTD.,CASH,24/08/2022,10.0,106.0,10.0,1060.0,105629,Aggregated-2022-08-24,1
TATA STEEL LTD.,CASH,29/08/2022,20.0,104.7,20.0,2094.0,105629,Aggregated-2022-08-29,1
TATA STEEL LTD.,CASH,22/05/2023,10.0,105.0,10.0,1050.0,105629,Aggregated-2023-05-22,1
TATA STEEL LTD.,CASH,22/06/2023,10.0,111.0,10.0,1110.0,105629,Aggregated-2023-06-22,1
TECH MAHINDRA LTD.,CASH,31/08/2020,1.0,735.0,1.0,735.0,105629,Aggregated-2020-08-31,1
TECH MAHINDRA LTD.,CASH,01/09/2020,3.0,735.0,3.0,2205.0,105629,Aggregated-2020-09-01,3
TECH MAHINDRA LTD.,CASH,10/09/2020,1.0,748.0,1.0,748.0,105629,Aggregated-2020-09-10,1
TECH MAHINDRA LTD.,CASH,21/09/2020,1.0,787.15,1.0,787.15,105629,Aggregated-2020-09-21,1
TECH MAHINDRA LTD.,CASH,24/09/2020,1.0,775.0,1.0,775.0,105629,Aggregated-2020-09-24,1
TECH MAHINDRA LTD.,CASH,16/10/2020,1.0,820.0,1.0,820.0,105629,Aggregated-2020-10-16,1
TECH MAHINDRA LTD.,CASH,26/10/2020,2.0,832.0,2.0,1664.0,105629,Aggregated-2020-10-26,2
TECH MAHINDRA LTD.,CASH,30/04/2021,1.0,960.0,1.0,960.0,105629,Aggregated-2021-04-30,1
TECH MAHINDRA LTD.,CASH,05/05/2021,1.0,960.0,1.0,960.0,105629,Aggregated-2021-05-05,1
TECH MAHINDRA LTD.,CASH,11/08/2021,1.0,1299.0,1.0,1299.0,105629,Aggregated-2021-08-11,1
TECH MAHINDRA LTD.,CASH,16/09/2021,1.0,1449.0,1.0,1449.0,105629,Aggregated-2021-09-16,1
TECH MAHINDRA LTD.,CASH,21/09/2021,1.0,1430.0,1.0,1430.0,105629,Aggregated-2021-09-21,1
TECH MAHINDRA LTD.,CASH,27/09/2021,1.0,1495.0,1.0,1495.0,105629,Aggregated-2021-09-27,1
TECH MAHINDRA LTD.,CASH,28/09/2021,2.0,1423.0,2.0,2846.0,105629,Aggregated-2021-09-28,2
TECH MAHINDRA LTD.,CASH,30/09/2021,1.0,1383.0,1.0,1383.0,105629,Aggregated-2021-09-30,1
TECH MAHINDRA LTD.,CASH,11/10/2021,1.0,1401.0,1.0,1401.0,105629,Aggregated-2021-10-11,1
TECH MAHINDRA LTD.,CASH,14/10/2021,1.0,1415.0,1.0,1415.0,105629,Aggregated-2021-10-14,1
TECH MAHINDRA LTD.,CASH,29/10/2021,1.0,1477.5,1.0,1477.5,105629,Aggregated-2021-10-29,1
TECH MAHINDRA LTD.,CASH,29/12/2021,1.0,1789.0,1.0,1789.0,105629,Aggregated-2021-12-29,1
TECH MAHINDRA LTD.,CASH,05/01/2022,1.0,1737.0,1.0,1737.0,105629,Aggregated-2022-01-05,1
TECH MAHINDRA LTD.,CASH,06/01/2022,1.0,1693.0,1.0,1693.0,105629,Aggregated-2022-01-06,1
TECH MAHINDRA LTD.,CASH,17/01/2022,1.0,1721.0,1.0,1721.0,105629,Aggregated-2022-01-17,1
TECH MAHINDRA LTD.,CASH,18/01/2022,1.0,1670.0,1.0,1670.0,105629,Aggregated-2022-01-18,1
TECH MAHINDRA LTD.,CASH,21/01/2022,1.0,1591.9,1.0,1591.9,105629,Aggregated-2022-01-21,1
TECH MAHINDRA LTD.,CASH,25/01/2022,1.0,1519.0,1.0,1519.0,105629,Aggregated-2022-01-25,1
TECH MAHINDRA LTD.,CASH,28/01/2022,1.0,1410.0,1.0,1410.0,105629,Aggregated-2022-01-28,1
TECH MAHINDRA LTD.,CASH,11/02/2022,1.0,1422.0,1.0,1422.0,105629,Aggregated-2022-02-11,1
TECH MAHINDRA LTD.,CASH,07/04/2022,1.0,1458.0,1.0,1458.0,105629,Aggregated-2022-04-07,1
TECH MAHINDRA LTD.,CASH,21/04/2022,1.0,1310.0,1.0,1310.0,105629,Aggregated-2022-04-21,1
TECH MAHINDRA LTD.,CASH,17/05/2022,1.0,1195.0,1.0,1195.0,105629,Aggregated-2022-05-17,1
TECH MAHINDRA LTD.,CASH,18/07/2022,1.0,1010.0,1.0,1010.0,105629,Aggregated-2022-07-18,1
TECH MAHINDRA LTD.,CASH,03/08/2022,1.0,1050.0,1.0,1050.0,105629,Aggregated-2022-08-03,1
TECH MAHINDRA LTD.,CASH,18/08/2022,2.0,1103.0,2.0,2206.0,105629,Aggregated-2022-08-18,1
TECH MAHINDRA LTD.,CASH,19/08/2022,1.0,1103.0,1.0,1103.0,105629,Aggregated-2022-08-19,1
TECH MAHINDRA LTD.,CASH,01/09/2022,1.0,1045.0,1.0,1045.0,105629,Aggregated-2022-09-01,1
TECH MAHINDRA LTD.,CASH,15/05/2023,2.0,1069.0,2.0,2138.0,105629,Aggregated-2023-05-15,1
TINPLATE COMPANY OF INDIA LTD.,CASH,16/10/2020,10.0,132.0,10.0,1320.0,105629,Aggregated-2020-10-16,1
TINPLATE COMPANY OF INDIA LTD.,CASH,26/10/2020,5.0,135.0,5.0,675.0,105629,Aggregated-2020-10-26,1
TINPLATE COMPANY OF INDIA LTD.,CASH,02/11/2020,5.0,127.5,5.0,637.5,105629,Aggregated-2020-11-02,1
TINPLATE COMPANY OF INDIA LTD.,CASH,11/01/2021,5.0,174.0,5.0,870.0,105629,Aggregated-2021-01-11,1
TINPLATE COMPANY OF INDIA LTD.,CASH,18/04/2022,5.0,425.0,5.0,2125.0,105629,Aggregated-2022-04-18,1
TINPLATE COMPANY OF INDIA LTD.,CASH,22/04/2022,5.0,420.0,5.0,2100.0,105629,Aggregated-2022-04-22,1
TINPLATE COMPANY OF INDIA LTD.,CASH,10/05/2022,5.0,356.0,5.0,1780.0,105629,Aggregated-2022-05-10,1
TINPLATE COMPANY OF INDIA LTD.,CASH,23/05/2022,5.0,332.0,5.0,1660.0,105629,Aggregated-2022-05-23,1
TINPLATE COMPANY OF INDIA LTD.,CASH,23/06/2022,5.0,305.0,5.0,1525.0,105629,Aggregated-2022-06-23,1
TINPLATE COMPANY OF INDIA LTD.,CASH,23/08/2022,5.0,298.0,5.0,1490.0,105629,Aggregated-2022-08-23,1
TITAN COMPANY LIMITED,CASH,08/07/2020,5.0,989.75,5.0,4948.75,105629,Aggregated-2020-07-08,1
TITAN COMPANY LIMITED,CASH,19/08/2020,1.0,1148.0,1.0,1148.0,105629,Aggregated-2020-08-19,1
TITAN COMPANY LIMITED,CASH,20/08/2020,2.0,1127.0,2.0,2254.0,105629,Aggregated-2020-08-20,2
TITAN COMPANY LIMITED,CASH,24/08/2020,1.0,1128.0,1.0,1128.0,105629,Aggregated-2020-08-24,1
TITAN COMPANY LIMITED,CASH,29/10/2020,1.0,1177.0,1.0,1177.0,105629,Aggregated-2020-10-29,1
TVS MOTOR COMPANY LTD.,CASH,04/09/2020,1.0,431.0,1.0,431.0,105629,Aggregated-2020-09-04,1
TVS MOTOR COMPANY LTD.,CASH,13/10/2020,1.0,460.0,1.0,460.0,105629,Aggregated-2020-10-13,1
TVS MOTOR COMPANY LTD.,CASH,14/10/2020,1.0,459.0,1.0,459.0,105629,Aggregated-2020-10-14,1
TVS MOTOR COMPANY LTD.,CASH,19/10/2020,1.0,452.0,1.0,452.0,105629,Aggregated-2020-10-19,1
TVS MOTOR COMPANY LTD.,CASH,23/10/2020,1.0,445.0,1.0,445.0,105629,Aggregated-2020-10-23,1
TVS MOTOR COMPANY LTD.,CASH,29/10/2020,1.0,424.5,1.0,424.5,105629,Aggregated-2020-10-29,1
TVS MOTOR COMPANY LTD.,CASH,01/11/2021,1.0,668.0,1.0,668.0,105629,Aggregated-2021-11-01,1
TVS MOTOR COMPANY LTD.,CASH,18/11/2021,1.0,723.0,1.0,723.0,105629,Aggregated-2021-11-18,1
TVS MOTOR COMPANY LTD.,CASH,22/11/2021,2.0,710.0,2.0,1420.0,105629,Aggregated-2021-11-22,1
TVS MOTOR COMPANY LTD.,CASH,26/11/2021,1.0,690.0,1.0,690.0,105629,Aggregated-2021-11-26,1
TVS MOTOR COMPANY LTD.,CASH,01/12/2021,1.0,690.0,1.0,690.0,105629,Aggregated-2021-12-01,1
TVS MOTOR COMPANY LTD.,CASH,02/12/2021,1.0,678.0,1.0,678.0,105629,Aggregated-2021-12-02,1
TVS MOTOR COMPANY LTD.,CASH,10/12/2021,1.0,687.0,1.0,687.0,105629,Aggregated-2021-12-10,1
TVS MOTOR COMPANY LTD.,CASH,15/12/2021,2.0,684.5,2.0,1369.0,105629,Aggregated-2021-12-15,2
TVS MOTOR COMPANY LTD.,CASH,16/12/2021,1.0,635.0,1.0,635.0,105629,Aggregated-2021-12-16,1
TVS MOTOR COMPANY LTD.,CASH,20/12/2021,2.0,608.0,2.0,1216.0,105629,Aggregated-2021-12-20,1
TVS MOTOR COMPANY LTD.,CASH,27/12/2021,2.0,606.0,2.0,1212.0,105629,Aggregated-2021-12-27,1
TVS MOTOR COMPANY LTD.,CASH,28/01/2022,1.0,590.0,1.0,590.0,105629,Aggregated-2022-01-28,1
TVS MOTOR COMPANY LTD.,CASH,16/06/2022,1.0,744.5,1.0,744.5,105629,Aggregated-2022-06-16,1
TVS MOTOR COMPANY LTD.,CASH,17/06/2022,1.0,740.0,1.0,740.0,105629,Aggregated-2022-06-17,1
TVS MOTOR COMPANY LTD.,CASH,20/06/2022,1.0,732.0,1.0,732.0,105629,Aggregated-2022-06-20,1
TVS MOTOR COMPANY LTD.,CASH,06/07/2022,1.0,829.0,1.0,829.0,105629,Aggregated-2022-07-06,1
TVS MOTOR COMPANY LTD.,CASH,22/07/2022,1.0,885.0,1.0,885.0,105629,Aggregated-2022-07-22,1
TVS MOTOR COMPANY LTD.,CASH,27/07/2022,1.0,851.0,1.0,851.0,105629,Aggregated-2022-07-27,1
TVS MOTOR COMPANY LTD.,CASH,17/08/2022,1.0,970.0,1.0,970.0,105629,Aggregated-2022-08-17,1
TVS MOTOR COMPANY LTD.,CASH,19/08/2022,1.0,957.0,1.0,957.0,105629,Aggregated-2022-08-19,1
TVS MOTOR COMPANY LTD.,CASH,21/11/2022,1.0,1048.0,1.0,1048.0,105629,Aggregated-2022-11-21,1
TVS MOTOR COMPANY LTD.,CASH,16/01/2023,1.0,984.0,1.0,984.0,105629,Aggregated-2023-01-16,1
TVS MOTOR COMPANY LTD.,CASH,20/01/2023,1.0,970.0,1.0,970.0,105629,Aggregated-2023-01-20,1
TVS MOTOR COMPANY LTD.,CASH,23/06/2023,2.0,1303.0,2.0,2606.0,105629,Aggregated-2023-06-23,1
TVS MOTOR COMPANY LTD.,CASH,19/12/2023,1.0,1964.0,1.0,1964.0,105629,Aggregated-2023-12-19,1
WIPRO LTD.,CASH,24/01/2022,2.0,572.0,1.0,572.0,105629,Aggregated-2022-01-24,1
WIPRO LTD.,CASH,25/01/2022,1.0,562.5,1.0,562.5,105629,Aggregated-2022-01-25,1
WIPRO LTD.,CASH,25/03/2022,1.0,600.0,1.0,600.0,105629,Aggregated-2022-03-25,1
WIPRO LTD.,CASH,31/03/2022,2.0,598.0,2.0,1196.0,105629,Aggregated-2022-03-31,1
WIPRO LTD.,CASH,07/04/2022,1.0,584.0,1.0,584.0,105629,Aggregated-2022-04-07,1
WIPRO LTD.,CASH,02/05/2022,1.0,495.0,1.0,495.0,105629,Aggregated-2022-05-02,1
WIPRO LTD.,CASH,09/05/2022,1.0,487.5,1.0,487.5,105629,Aggregated-2022-05-09,1
WIPRO LTD.,CASH,11/05/2022,1.0,469.0,1.0,469.0,105629,Aggregated-2022-05-11,1
WIPRO LTD.,CASH,03/07/2023,32.0,445.0,32.0,14240.0,105629,Aggregated-2023-07-03,1
YES BANK LTD.,CASH,24/08/2020,50.0,14.8,50.0,740.0,105629,Aggregated-2020-08-24,1
YES BANK LTD.,CASH,15/12/2020,50.0,17.64,50.0,882.0,105629,Aggregated-2020-12-15,2
ZEN TECHNOLOGIES LTD.,CASH,08/10/2020,10.0,81.1,10.0,811.0,105629,Aggregated-2020-10-08,1
ZEN TECHNOLOGIES LTD.,CASH,16/10/2020,10.0,79.0,10.0,790.0,105629,Aggregated-2020-10-16,1
ZEN TECHNOLOGIES LTD.,CASH,04/11/2021,10.0,209.0,10.0,2090.0,105629,Aggregated-2021-11-04,1
